country,country_code,region,income_group,year,population_total,population_female,population_male,population_growth_pct,urban_population_pct,fertility_rate,age_dependency_ratio_pct,gdp_current_usd,gdp_per_capita_usd,gdp_growth_pct,gdp_per_capita_ppp,inflation_consumer_pct,investment_gdp_pct,unemployment_total_pct,unemployment_female_pct,unemployment_male_pct,employment_total_pct,labor_force_participation_pct,life_expectancy_total,life_expectancy_female,life_expectancy_male,infant_mortality_rate,school_enrollment_tertiary_pct,internet_users_pct,mobile_subscriptions_per_100,co2_per_capita,renewable_energy_pct,exports_gdp_pct,imports_gdp_pct
Afghanistan,AFG,"Middle East, North Africa, Afghanistan & Pakistan",Low income,2019,37856121.0,18736474.0,19119647.0,2.98438913621969,25.1437258839803,5.238,88.5120276122222,18799444490.1128,496.6025042585,3.91160341625552,2583.48533239877,2.30237251516834,,11.187,15.569,10.029,38.913,43.814,62.941,66.144,59.91,56.6,,17.60000038,59.6470805870469,0.319752781855278,18.9,,
Albania,ALB,Europe & Central Asia,Upper middle income,2019,2567801.0,1296660.0,1271141.0,-1.54313709096794,56.7639071287255,1.395,47.0423753077936,15585111614.0376,6069.43903131027,2.06257790176122,16442.0254754945,1.41109078954242,24.6048342032887,11.466,11.318,11.587,53.392,60.306,79.467,81.06,77.834,8.0,61.4085141527142,68.5503911218006,91.1634968336332,1.94096037816015,40.1,30.9361224858484,44.4460064468406
Algeria,DZA,"Middle East, North Africa, Afghanistan & Pakistan",Upper middle income,2019,43294546.0,21175753.0,22118793.0,1.84041291439333,72.4824561380175,2.997,57.267808691031,193459662090.677,4468.45341883656,0.899999999219148,13892.5333446205,1.95176821052892,39.8722500063772,12.302,21.731,10.37,37.011,42.203,75.682,77.091,74.35,20.7,53.8645018203122,55.79069901,104.922068012909,4.19651934911155,0.2,20.407941949491,26.0989006586763
American Samoa,ASM,East Asia & Pacific,High income,2019,50209.0,24788.0,25421.0,-1.38257886328442,83.0542171797274,2.404,57.1339154383,647000000.0,12886.1359517218,-0.487804878048777,,,,,,,,,72.751,75.723,70.105,,,,,0.00199167479933876,0.4,61.6692426584235,94.8995363214838
Andorra,AND,Europe & Central Asia,High income,2019,76474.0,37559.0,38915.0,1.73050296926809,88.5391793666245,1.045,38.0123080254823,3155149347.92156,41257.8045861543,2.01554763848308,57475.0692842215,,,,,,,,84.098,86.101,82.183,2.9,15.4352596927579,90.71869659,114.952794413788,,17.2,,
Angola,AGO,Sub-Saharan Africa ,Lower middle income,2019,32375632.0,16370876.0,16004756.0,3.38788422184303,66.6637823180533,5.442,91.6470396304726,81193813808.0382,2507.86807213642,-1.05523414494337,8621.65930812477,17.080954143438,24.4513559065733,16.497,16.547,16.447,62.644,75.021,63.051,65.506,60.609,35.5,,32.12939835,45.8065312825399,0.833846270553112,51.0,36.9500822651989,23.4212246087614
Antigua and Barbuda,ATG,Latin America & Caribbean ,High income,2019,91364.0,47940.0,43424.0,0.480553889847623,24.708337524045,1.468,40.6075902613192,1726448148.14815,18896.3721832248,3.1722219373937,26550.589844733,1.43135598182984,,,,,,,77.168,79.844,74.143,8.0,,71.09259796,201.392233264743,3.74983582154897,0.7,69.1646948026456,68.3730888293456
Argentina,ARG,Latin America & Caribbean ,Upper middle income,2019,44973465.0,22665751.0,22307714.0,0.710900853077743,91.8567844513802,1.882,55.5931801951266,447754683615.225,9955.97478680428,-2.00086100285785,23516.8261980886,53.5483043492339,14.1990461422681,9.843,10.718,9.202,54.355,60.289,76.847,79.439,74.163,8.9,95.1928240640628,79.9469520347551,125.302657911726,4.07504069344001,10.7,17.9248783778462,14.7057366680037
Armenia,ARM,Europe & Central Asia,Upper middle income,2019,2962500.0,1594385.0,1368115.0,-0.219168932037313,65.0047033570428,1.6,47.8107543362811,13619290539.2116,4597.22887399548,7.59999999853918,14975.7539538157,1.44344660770698,15.8155984319769,18.304,19.245,17.439,48.002,58.757,76.2219512195122,79.5,73.1,10.7,53.5944174785534,66.5439496866159,124.613701509519,2.16867510548523,10.3,42.2626073502911,55.5843975150359
Aruba,ABW,Latin America & Caribbean ,High income,2019,109203.0,57655.0,51548.0,0.270504632854835,62.288276286885,1.701,48.0999783009656,3347561738.94591,30654.4851235397,1.22914408896015,38554.7167828184,4.25746204335427,,,,,,,76.019,78.814,73.047,,,,131.682169673877,4.66562273930203,8.3,66.7030809219838,71.2201683514275
Australia,AUS,East Asia & Pacific,High income,2019,25334826.0,12762303.0,12572523.0,1.47749071058438,87.3019647888406,1.657,52.9197584315896,1398349602956.35,55194.7585097428,2.19401703622717,52885.8313816377,1.610770929127,23.3219874334142,5.143,5.098,5.183,62.689,66.088,82.9,85.0,80.9,3.2,109.759559631348,93.60990143,109.752830879788,16.1007065925773,10.3,24.0624800210722,21.939202684145
Austria,AUT,Europe & Central Asia,High income,2019,8879920.0,4511901.0,4368019.0,0.444673639004876,68.3176044750522,1.46,50.0670998710729,442983642371.842,49885.9947355204,1.75497619649288,60354.9279422121,1.53089564152644,25.0801117201002,4.56,4.423,4.679,58.121,60.898,81.8951219512195,84.2,79.7,2.9,86.3234329223633,87.7522047870069,120.776373862218,7.74519365039325,34.0,55.8958073929339,52.3114775114917
Azerbaijan,AZE,Europe & Central Asia,Upper middle income,2019,10024283.0,5123706.0,4900577.0,0.846646726414021,58.1308191977779,1.81,43.2140002863056,48174235294.1176,4805.75371765917,2.47980879185565,16675.3179361558,2.61057182799215,21.1295517984961,5.0,5.739,4.26,61.966,65.227,73.29,76.235,70.217,16.5,32.9221812477847,81.0999990651547,106.328337689377,3.68923143929596,1.7,49.0506275016423,36.7675179068137
"Bahamas, The",BHS,Latin America & Caribbean ,High income,2019,394675.0,205180.0,189495.0,0.497339072752345,81.8257463283204,1.397,44.2462318904142,13277000000.0,33640.3369861278,-0.838585871193203,36116.0002025353,2.49123527368046,24.205769375612,9.336,9.672,8.994,67.455,74.401,71.408,74.176,68.617,16.0,,90.69329834,107.811997212897,3.67517577753848,1.1,34.9807938540333,33.8058296301875
Bahrain,BHR,"Middle East, North Africa, Afghanistan & Pakistan",High income,2019,1483756.0,556667.0,927089.0,-1.29469437720599,100.0,1.843,30.0473734261812,40446808510.6383,27259.7438599327,2.05287774418655,56599.5214364411,1.00582004702137,27.5453708574435,1.217,4.011,0.491,70.545,71.414,80.471,81.54,79.615,6.5,52.9045782700327,99.7015043807778,129.142743677937,24.8338675631303,0.0,73.0944239873751,62.3231194108364
Bangladesh,BGD,South Asia,Lower middle income,2019,164913055.0,83750865.0,81162190.0,0.84641125179804,30.8228396343012,2.18,54.1751879343991,351231654603.692,2129.79896954606,7.88191515117722,6047.12401504125,5.59199639930629,32.2137331126266,4.504,5.91,3.776,56.791,59.47,72.625,74.399,70.933,25.4,22.7094642473405,30.38310051,100.399571155843,0.662908100271382,26.1,13.0947573353039,18.4832971559365
Barbados,BRB,Latin America & Caribbean ,High income,2019,281207.0,146388.0,134819.0,0.176538259610281,59.2841140645486,1.715,48.226277449213,6166710800.0,21929.435611489,0.241099789148677,19986.8728665755,1.67662473276988,,8.41,7.279,9.54,59.465,64.926,76.495,78.536,74.287,10.6,48.935497470489,70.30709839,117.111593950364,3.08882780300633,3.4,,
Belarus,BLR,Europe & Central Asia,Upper middle income,2019,9419758.0,5028345.0,4391413.0,-0.201786600970723,77.4550771852757,1.382,47.8095536382012,64410170653.4569,6837.77339645635,1.44645548204305,22301.5932411839,5.59815595039848,27.034537426493,4.165,3.198,5.106,61.575,64.251,74.2268292682927,79.4,69.3,2.4,81.2921953254514,82.7891520910901,123.229810991965,6.50202478662403,7.8,65.0945839929757,65.7558221092078
Belgium,BEL,Europe & Central Asia,High income,2019,11488980.0,5825838.0,5663142.0,0.540461327098122,87.0961631189222,1.6,56.0563384873172,536726344405.489,46716.6227467964,2.4428900448156,56712.469571978,1.43681956996438,24.2312098845978,5.364,4.94,5.733,51.005,53.896,81.9951219512195,84.3,79.8,3.3,79.3044815063477,90.275428012141,100.164960666171,8.73127988733552,10.2,82.9674275396401,82.4980513923498
Belize,BLZ,Latin America & Caribbean ,Upper middle income,2019,385829.0,191404.0,194425.0,1.46284533510266,42.9077622153323,2.142,51.0387510716341,2381187850.0,6171.61449761423,4.25658710030072,10499.962073199,0.187069385181424,16.7569097918923,9.053,13.632,5.891,63.413,69.726,72.577,75.668,69.871,11.4,25.138736158351,58.76520157,66.0704612665196,1.03206342706225,30.4,52.0189198848801,50.4229370227973
Benin,BEN,Sub-Saharan Africa ,Lower middle income,2019,12726755.0,6354457.0,6372298.0,2.73538842831436,48.7125500590248,4.9,84.8779371019408,14391686313.4641,1130.82135339795,6.86568662848335,3148.97969597838,0.732849371241066,25.1732556309975,1.214,1.338,1.091,74.183,75.095,59.888,61.069,58.694,51.8,10.3906803131103,20.50099945,81.3235345537806,0.639872457668903,46.5,29.6305271935478,34.0508051206822
Bermuda,BMU,North America,High income,2019,64107.0,32503.0,31604.0,0.431459657274573,100.0,1.383,48.9232699142797,7423465000.0,115798.040775578,0.307106461240664,90984.4576708318,,14.7485170334877,,,,,,81.251,85.033,77.607,,,,104.512767716474,4.71867346779603,0.8,51.7434243981752,25.816677252469
Bhutan,BTN,South Asia,Lower middle income,2019,764824.0,353962.0,410862.0,0.66444642692507,39.0746823405146,1.448,43.0441182246478,2735683570.46155,3576.87987100503,5.75514851246506,12909.1009840399,2.72643037388832,45.7996795632774,2.72,3.329,2.282,64.559,66.364,72.005,73.898,70.427,17.9,15.9420291550317,74.17939758,95.3472955869586,2.36171982050772,81.0,31.4575032617598,44.6660134423907
Bolivia,BOL,Latin America & Caribbean ,Lower middle income,2019,11671386.0,5797447.0,5873939.0,1.40657823805422,69.7334986708387,2.688,58.713758032825,49056643589.0014,4203.15492855788,1.50672102666863,11005.3541169156,1.83954504969026,22.9142053369823,3.682,3.992,3.432,71.428,74.158,67.82,70.266,65.537,18.4,,47.4748191121692,100.14945954148,1.88492609189688,13.5,20.0474399352249,25.7735333396775
Bosnia and Herzegovina,BIH,Europe & Central Asia,Upper middle income,2019,3345533.0,1755046.0,1590487.0,-1.23185506471358,49.4650440037758,1.509,49.9919523868234,20482608984.3316,6122.37541352353,2.88585242083978,16428.7132755213,0.56278215406123,23.0639215176452,15.692,18.67,13.57,41.139,48.796,77.394,80.463,73.961,5.9,46.6677894592285,69.9463476317266,112.254788698841,6.75452909895075,36.8,40.040069270151,54.476055884095
Botswana,BWA,Sub-Saharan Africa ,Upper middle income,2019,2332083.0,1168812.0,1163271.0,1.42262847077389,66.3271694845464,2.906,59.0212359437936,16725908148.5481,7172.08956480028,3.0317733945467,15960.0156143903,2.77286442863321,28.8496651227091,20.094,22.01,18.457,50.724,63.48,67.167,69.585,64.775,37.4,21.4965480211896,48.82279968,160.661520194607,3.14825844534693,26.2,37.0878176552067,46.0051637049108
Brazil,BRA,Latin America & Caribbean ,Upper middle income,2019,207455459.0,105174727.0,102280732.0,0.651994346081362,86.6797991084296,1.705,43.5397483001089,1873288205059.69,9029.83326681073,1.22077782360842,16069.8380152627,3.73297621216894,15.4711697448233,11.936,14.35,10.07,57.142,64.887,75.809,79.023,72.653,12.9,53.6215400695801,73.9124399133589,97.3747376780285,2.25869881785082,47.5,14.1229191913178,14.7673386785785
British Virgin Islands,VGB,Latin America & Caribbean ,High income,2019,36395.0,19235.0,17160.0,4.8931677135622,52.3907871425786,0.941,34.3484680693983,,,,,,,,,,,,76.845,79.646,74.137,13.0,24.2532322781988,,108.624811100426,2.40142876768787,1.2,,
Brunei Darussalam,BRN,East Asia & Pacific,High income,2019,442680.0,207287.0,235393.0,1.10621350885567,74.7923311783673,1.819,37.4287523749208,13469235364.7032,30426.5730656528,3.86884436177075,69353.6799514849,-0.390522069165529,38.5070273900823,6.6,7.913,5.742,60.517,64.793,75.049,77.286,73.068,9.0,27.7715019255456,95.0,129.845260684919,17.1760639739767,0.0,57.946040538108,50.5636178198506
Bulgaria,BGR,Europe & Central Asia,High income,2019,6616726.0,3408148.0,3208578.0,-1.41171852077109,73.7162322998047,1.79,55.9246760959011,68511235459.4907,10354.2500414088,3.79331964589196,26765.556194772,3.10372944796771,18.7188384588386,4.148,3.793,4.453,54.309,56.659,75.1121951219512,78.8,71.6,5.5,84.7503128051758,67.9469809417603,116.616975862125,6.74590424327681,19.3,64.300587723502,60.9598273515844
Burkina Faso,BFA,Sub-Saharan Africa ,Low income,2019,20961952.0,10528619.0,10433333.0,2.52989803984158,26.1187254401157,4.681,88.9000632341781,16032813503.3707,764.853077774946,5.88920497068135,2232.16282016585,-3.23338933983322,18.8401565182191,4.493,4.597,4.399,74.13,77.617,60.184,61.948,58.335,50.2,6.90532594926159,9.27180600953186,97.1498646690919,0.271887847085997,72.7,29.2576956572794,31.1509972180432
Burundi,BDI,Sub-Saharan Africa ,Low income,2019,12255336.0,6171156.0,6084180.0,3.28367531420808,18.786178154187,5.271,98.9997673122223,2871555326.31029,234.31061590725,4.45934202358784,868.423731660834,-0.686772170797359,,1.043,0.957,1.135,78.909,79.741,62.18,64.028,60.31,35.7,,6.072199821,53.2995504978403,0.0624381085920451,84.8,,
Cabo Verde,CPV,Sub-Saharan Africa ,Upper middle income,2019,514104.0,252896.0,261208.0,0.134109462358547,71.6254285086577,1.698,51.9520708887398,2252177124.32402,4380.78117331128,6.94782634051859,8645.75646859343,1.10666674296063,,12.123,11.499,12.602,50.468,57.43,75.449,78.686,72.127,13.2,,61.9433977593088,115.867801067488,1.62982587180804,19.7,46.7050331370949,56.8976233266308
Cambodia,KHM,East Asia & Pacific,Lower middle income,2019,16481304.0,8423919.0,8057385.0,1.26258301009769,39.5830241256026,2.725,57.7205669146422,36685356407.7206,2225.87705485686,7.93695013588524,6153.99439528427,1.94257500833107,30.6598378372886,0.119,0.151,0.088,82.324,82.422,70.127,72.561,67.526,20.1,12.9409846754696,52.305878224498,129.957441474291,0.953249815669925,53.0,55.4468679729119,60.289811099536
Cameroon,CMR,Sub-Saharan Africa ,Lower middle income,2019,25506095.0,12792259.0,12713836.0,2.78164441246944,53.9487914119331,4.651,83.5806413466043,39667757527.6578,1555.22660476477,3.47505998194981,4241.11174920592,2.45280214062732,19.088506793809,3.632,4.177,3.187,65.003,67.453,61.695,63.825,59.629,46.9,15.0528614131463,36.53919983,83.9044001051513,0.402691984014017,78.9,19.8500907473186,23.528422500723
Canada,CAN,North America,High income,2019,37618495.0,18933946.0,18684549.0,1.46171259938134,81.7363672047941,1.47,50.4105729188803,1743728952156.85,46352.9695208927,1.90843193887251,50499.0822425462,1.94926902411593,22.5799284914038,5.69,5.263,6.07,62.065,65.809,82.1585365853659,84.32,80.1,4.5,73.1128768920898,91.91290283,90.9589210049458,16.190860373335,22.4,32.3526259007732,33.8187163722873
Cayman Islands,CYM,Latin America & Caribbean ,High income,2019,67327.0,33541.0,33786.0,2.08009420729087,100.0,1.508,31.4601476158863,5941896607.58643,88254.2903677044,3.91563534249416,72697.3672861884,,,,,,,,79.052,81.568,76.678,,,,147.043533797733,5.84460914640486,0.0,69.4710255697764,45.3675141253948
Central African Republic,CAF,Sub-Saharan Africa ,Low income,2019,4944703.0,2532900.0,2411803.0,1.34469255324203,41.7800430407332,6.09,104.954476234215,2221301351.43918,449.228467602439,3.09999999999999,984.843183678857,2.68537355266787,14.3881299969725,5.916,6.554,5.349,69.08,73.424,31.53,38.771,26.386,128.9,,7.509200096,32.2626859489842,0.0611563525655636,91.3,15.7553800018083,34.3104199996784
Chad,TCD,Sub-Saharan Africa ,Low income,2019,16685223.0,8313906.0,8371317.0,3.21991132048391,24.2731047386633,6.412,100.684531380519,14905517742.8454,893.336441643325,5.38282202874814,2351.65339767739,-0.971939175419401,20.2129960620874,1.077,0.73,1.315,59.299,59.944,52.993,54.583,51.444,64.6,,7.618199825,45.9378876746208,0.141712220447998,72.8,24.968456965958,21.7092677493188
Channel Islands,CHI,Europe & Central Asia,High income,2019,165639.0,83762.0,81877.0,0.417438625700863,32.8235411026876,1.35,50.7746363487411,10031864649.0819,60564.6293993681,1.57335596156342,,,,6.185,6.503,5.929,54.767,58.377,81.2,83.4,79.0,,,,,,,,
Chile,CHL,Latin America & Caribbean ,High income,2019,19197744.0,9648587.0,9549157.0,1.59911795256016,88.1273685623538,1.43,44.9884626222266,278308438545.118,14496.9345640362,0.644223402631923,25613.9095717623,2.55754475703327,24.5476232011073,7.493,8.226,6.958,58.346,63.072,80.324,82.549,78.098,6.0,92.0659713745117,85.01760101,130.492770400522,4.96139546396702,25.3,27.8723266080413,29.7345891776124
China,CHN,East Asia & Pacific,Upper middle income,2019,1407745000.0,688332681.0,719412319.0,0.354740890170827,62.7099151611328,1.496,43.3873633674887,14560167101283.4,10342.9009524335,6.06737806333672,17600.8907568493,2.89923416358227,42.2503490502374,4.56,3.961,5.05,64.307,67.38,77.94,80.747,75.303,6.0,56.6050917923292,64.080881297515,122.670391850252,8.39147587098516,14.3,18.1398222864053,17.3146127417354
Colombia,COL,Latin America & Caribbean ,Upper middle income,2019,49907985.0,25243941.0,24664044.0,1.78615507724394,77.4595528518377,1.71,43.4989256841647,323031701192.84,6472.54544924705,3.18685539245533,16181.5908990662,3.52301932741447,21.269107264817,10.28,13.134,8.249,57.709,64.322,76.793,79.695,73.907,12.3,56.6663017272949,65.0069007159493,132.810761644655,1.72438739011403,31.5,15.8680386541241,21.6904953267149
Comoros,COM,Sub-Saharan Africa ,Lower middle income,2019,786578.0,390897.0,395681.0,1.92385702700328,31.7287584068243,4.138,75.5037562781275,1195019531.9011,1519.26386436068,1.76078023564568,3312.74957050545,3.58213544469211,12.6281735143297,3.926,4.533,3.495,50.274,52.328,65.662,67.683,63.792,39.8,,16.38380051,73.1291747290161,0.287320520024715,55.3,12.7734606325226,29.4946179024958
"Congo, Dem. Rep.",COD,Sub-Saharan Africa ,Low income,2019,92947442.0,46842742.0,46104700.0,3.1695285579572,42.8747090907476,6.253,96.3517973179656,46845900350.0332,504.00419142286,0.555384294580819,1056.17206659241,,22.2993438450818,4.605,3.696,5.451,61.335,64.296,60.242,62.153,58.358,56.5,,13.02970028,39.9399996397964,0.0478324083410493,96.3,28.4657291929772,32.448623181302
"Congo, Rep.",COG,Sub-Saharan Africa ,Lower middle income,2019,5616661.0,2808099.0,2808562.0,2.40634419722279,63.5176376123385,4.38,80.7333447887284,13976637779.9763,2488.42466724916,1.12447391976529,5719.59977338291,2.20607305781525,26.1155301471499,20.494,21.815,19.22,54.159,68.119,63.152,64.633,61.708,33.2,,16.11639977,91.0654212529473,1.28891524697681,69.8,56.1988143702835,35.3769404227539
Costa Rica,CRI,Latin America & Caribbean ,High income,2019,4999553.0,2525255.0,2474298.0,0.838278384859255,77.0435864735963,1.6,45.422348705756,64753504730.018,12951.8588421841,2.70813912948329,23461.2875330597,2.09604635327807,16.469032995155,10.807,14.059,8.472,57.318,64.263,80.296,82.963,77.603,7.9,55.0202903747559,81.2025964435269,144.514079558713,1.63874650393745,33.4,34.1472985859666,31.2721746627109
Cote d'Ivoire,CIV,Sub-Saharan Africa ,Lower middle income,2019,28193009.0,13779108.0,14413901.0,2.61916841176218,51.3514799771241,4.523,81.1143931066958,60382894697.3557,2141.76836170115,6.72137167584978,5516.39055126829,0.790855512053661,22.1766481096146,2.401,3.019,1.949,63.131,64.684,60.274,62.295,58.493,51.8,10.3256981639741,36.2889545655205,132.574011521792,0.467605284700189,61.1,22.6604887650452,21.9999218180343
Croatia,HRV,Europe & Central Asia,High income,2019,3949390.0,2047101.0,1902289.0,-0.992302961069294,56.303247958306,1.47,55.5626368276391,61467261345.012,15563.7354996625,3.10247285336254,33063.9987060793,0.771820346498112,21.9101737515026,6.551,7.061,6.114,47.536,50.868,78.2243902439024,81.4,75.2,4.0,74.0501174926758,79.0797836757554,110.493802074789,4.5506268056586,31.6,50.4917495355699,50.9033621097876
Cuba,CUB,Latin America & Caribbean ,Upper middle income,2019,11202846.0,5656039.0,5546807.0,-0.216424863402489,77.0728225708008,1.54,45.6054628733426,103427600000.0,9232.26115935183,-0.163087223606624,,,11.211707513275,1.705,1.824,1.623,54.332,55.275,77.413,79.913,75.0,5.4,44.7791807576091,67.9708086565152,53.9383385257639,1.98985150737589,23.1,12.2133743797594,10.6075167556822
Curacao,CUW,Latin America & Caribbean ,High income,2019,157441.0,81906.0,75535.0,-1.19643951751799,91.3714918191305,1.6,44.1608980698092,3026124134.07821,19220.6866958303,-3.20613230348162,25396.9967729561,2.62220783425059,,,,,,,76.492,80.573,72.237,,,,97.200107627293,,2.5,,
Cyprus,CYP,Europe & Central Asia,High income,2019,1286671.0,637642.0,649029.0,1.24612155650882,66.7677357070518,1.33,41.4645489568307,26196660680.1176,29227.16796875,5.87559583386607,44393.72265625,0.250370996758493,18.6839198824146,7.155,8.124,6.354,61.382,66.112,81.454,83.633,79.317,2.5,93.9260711669922,86.0636299618935,137.76052748227,5.60889302704421,12.0,75.7588643662806,74.747298763229
Czechia,CZE,Europe & Central Asia,High income,2019,10671870.0,5412760.0,5259110.0,0.393788864202175,72.7876426709563,1.71,55.9088220310965,256794209028.77,24062.7190013343,3.56577658128261,45614.0171132532,2.84787595918041,25.7720455320028,2.015,2.378,1.724,58.906,60.118,79.2292682926829,82.2,76.4,2.4,66.8802185058594,80.8669444139622,124.126150238634,9.72456561033821,15.9,72.1248511386482,66.0297588552233
Denmark,DNK,Europe & Central Asia,High income,2019,5814422.0,2921554.0,2892868.0,0.358130915892652,88.2096490810669,1.7,56.5999643406769,345401473012.615,59404.2663247723,1.71140093932736,60594.966400191,0.75813157251162,21.3534089903591,5.018,5.269,4.795,59.311,62.445,81.4512195121951,83.5,79.5,3.3,81.6945877075195,98.0464347521549,124.573359763273,5.17323991963432,37.2,58.9506079167167,52.9408671489359
Djibouti,DJI,"Middle East, North Africa, Afghanistan & Pakistan",Lower middle income,2019,1088709.0,548432.0,540277.0,1.55766086478885,71.7418146554518,2.798,56.2039889293652,3088851450.30694,2837.16902340932,5.54508081154978,5398.00036773984,3.31763203299603,29.7952101352966,26.257,36.044,22.168,23.565,31.955,64.381,66.863,61.968,50.2,,58.4762001,38.0143821719119,0.765677513458601,23.4,166.717864481384,154.221365882795
Dominica,DMA,Latin America & Caribbean ,Upper middle income,2019,67880.0,33828.0,34052.0,-0.432182012456847,71.4382284948964,1.504,45.2600042799058,644259259.259259,9491.14995962374,3.94809757938053,16020.5944720217,1.50462353858141,,,,,,,71.305,74.508,68.564,30.6,,73.38200378,115.103123158515,1.26988803771361,7.6,,
Dominican Republic,DOM,Latin America & Caribbean ,Upper middle income,2019,10894043.0,5467622.0,5426421.0,1.0333133463082,73.5403464672933,2.366,52.7342819533255,89146130744.723,8183.01623600375,4.8940301149584,19766.7628586981,1.81060377042959,24.9843138217951,6.356,9.602,4.117,61.045,65.189,73.112,76.448,69.898,30.9,,79.71549988,82.1376141070859,2.61257459696093,14.4,23.325332586795,27.587649613902
Ecuador,ECU,Latin America & Caribbean ,Upper middle income,2019,17340021.0,8678162.0,8661859.0,1.68935479627168,63.0627139714638,2.035,52.1307937287794,107595830000.0,6205.05765246766,0.1654044646003,12543.0148243925,0.266012515466155,20.6549277978524,3.812,4.593,3.259,63.656,66.179,77.286,79.975,74.61,11.7,47.2627814012203,59.2,91.4249181128443,2.41784020907472,17.7,24.0486345985713,24.0342148947594
"Egypt, Arab Rep.",EGY,"Middle East, North Africa, Afghanistan & Pakistan",Lower middle income,2019,107553158.0,53247874.0,54305284.0,1.75497438173801,42.4812027332648,2.87,62.1682059377755,318678815489.749,2962.98892023003,5.55209307084222,13363.732696323,9.15279959324804,18.7723373838456,7.851,21.312,4.747,38.885,42.199,71.213,73.415,69.041,22.9,33.622825887244,57.2828663990195,88.6447815879102,2.20383858928624,6.2,16.6440314510365,24.4799857040743
El Salvador,SLV,Latin America & Caribbean ,Upper middle income,2019,6222318.0,3264290.0,2958028.0,0.0403628806830014,72.4148941040039,1.838,52.2097784509694,26881140000.0,4320.11671534627,2.43747159065784,9756.7521864595,0.0753241350024612,17.7597006674568,4.17,4.384,4.019,57.39,59.887,71.725,75.979,67.1,10.6,28.5178063545936,50.4911940673888,167.088631599992,1.30285851671355,19.4,29.9559096080003,46.0861034911466
Equatorial Guinea,GNQ,Sub-Saharan Africa ,Upper middle income,2019,1670177.0,785324.0,884853.0,3.271454421427,70.1175419547293,4.429,70.7256912891081,11364133549.7478,6804.14923073888,-5.48182537893445,16451.3641478324,1.53027528964189,11.3929818569737,7.917,8.765,7.351,56.353,61.198,62.297,64.144,60.674,55.7,,49.13370132,36.942192354463,3.0669803260373,7.4,51.1307495482003,43.7480428771542
Eritrea,ERI,Sub-Saharan Africa ,Low income,2019,3240194.0,1643512.0,1596682.0,1.47474580694345,35.2352333068848,3.997,82.0125109257141,,,,,,,5.812,6.433,5.241,73.832,78.388,67.306,69.36,65.174,28.7,,11.22379971,40.4605403256719,0.207888786905969,80.6,,
Estonia,EST,Europe & Central Asia,High income,2019,1326898.0,699376.0,627522.0,0.371554389037477,69.5787397662154,1.66,57.0635499327664,31873748770.0313,24021.2501413306,3.72664943466884,40586.3784378888,2.27725931243522,26.6153386918257,4.514,4.926,4.125,60.31,63.161,78.6463414634147,83.0,74.5,1.9,72.7060317993164,90.2289281997919,147.04692867619,11.6534202327534,31.3,72.0191543549198,68.3329936436289
Eswatini,SWZ,Sub-Saharan Africa ,Lower middle income,2019,1179874.0,601680.0,578194.0,0.931970814127083,24.3459549517751,2.925,63.7013214049848,4617018958.69086,3913.14577547336,6.43186888691574,9248.32206714455,2.59801620311077,17.6611246910449,28.222,29.839,26.704,36.051,50.226,59.85,62.541,57.106,47.6,,43.93389893,91.0519258836113,0.962899428244033,64.4,44.7614845159035,41.879310331856
Ethiopia,ETH,Sub-Saharan Africa ,Low income,2019,115737383.0,57695135.0,58042248.0,2.69123978261516,21.2486705780029,4.347,78.2497670217938,91834517113.6386,793.473247218996,8.36408573111346,2242.44488312932,15.8096321719344,35.2639756233364,2.928,4.003,2.095,69.478,71.573,65.741,68.863,62.778,40.8,,15.98460007,36.2199307720652,0.159693432847017,89.3,7.93996502525176,20.8753289040091
Faroe Islands,FRO,Europe & Central Asia,High income,2019,51790.0,25019.0,26771.0,1.54302729710577,38.3945655822754,2.4187,62.2392080696698,3266432734.22819,63070.7228080361,4.53851028676189,62225.8459648561,,,,,,,,82.3912829268293,84.5508,80.3346,,,,106.012499517766,0.0405483684108901,5.4,55.7697162765718,52.853529673679
Fiji,FJI,East Asia & Pacific,Upper middle income,2019,914899.0,459666.0,455233.0,-0.24900685817593,56.70989552257,2.385,52.5393519946514,5344907153.46698,5842.07344577597,-0.581946590349759,12978.0990352704,1.79388647514555,17.3576049397684,4.661,6.042,3.951,54.696,57.369,67.009,68.992,65.116,20.3,77.5562006170027,63.21789932,112.580732955222,1.76959423936413,26.5,50.6482147032588,60.0479774142425
Finland,FIN,Europe & Central Asia,High income,2019,5521606.0,2795824.0,2725782.0,0.110191690491055,72.7431214358314,1.35,61.1278822777906,267014821129.411,48358.1807773701,1.34973845741737,52276.1115723992,1.02409392963431,24.4207984303071,6.695,6.173,7.175,55.221,59.184,81.9829268292683,84.8,79.3,1.9,94.5891189575195,89.6073851129779,129.487723024493,7.99426833424913,45.4,40.6183181143561,39.9458321803805
France,FRA,Europe & Central Asia,High income,2019,67382061.0,34749339.0,32632722.0,0.332559129027963,78.6890784549356,1.86,61.339333625721,2722793515171.76,40408.2848574751,2.02744646419237,51130.4723140578,1.10825492288294,22.4160955392444,8.415,8.351,8.475,50.316,54.939,82.8268292682927,85.9,79.9,3.3,67.7331314086914,83.3397440866883,109.600780374596,4.79214044818249,15.5,32.8895429451147,33.5394177830602
French Polynesia,PYF,East Asia & Pacific,High income,2019,279034.0,137688.0,141346.0,-0.279503231980126,61.7824142427508,1.567,44.1090343805358,6022276196.13871,21582.5892046801,2.68946658143334,,,25.3054954915658,11.591,12.582,10.811,48.981,55.402,83.195,85.759,80.855,,,,113.964606463728,2.81327723503229,7.7,20.5923590296429,42.7137533727575
Gabon,GAB,Sub-Saharan Africa ,Upper middle income,2019,2267706.0,1112105.0,1155601.0,2.47279132038176,89.9031850170394,3.884,68.8283668428129,16874405465.391,7441.1786472281,3.92080879452831,15949.6373739622,2.46456756151187,21.8987965722319,20.371,29.024,14.674,40.945,51.42,67.337,69.764,65.149,30.1,,59.51760101,131.975264871196,2.49273935862938,90.2,51.4310732271996,21.9970162214648
"Gambia, The",GMB,Sub-Saharan Africa ,Low income,2019,2456844.0,1234385.0,1222459.0,2.35622071960344,61.643210849607,4.33,82.281039268218,1813609692.49994,738.186751987483,6.22205315994859,2421.72318070615,7.11567625631192,24.6538431612228,4.481,3.613,5.278,45.613,47.753,64.427,65.927,62.915,38.2,,31.11829948,105.204644657943,0.189267206220664,47.4,20.1658912380486,35.8320203806507
Georgia,GEO,Europe & Central Asia,Upper middle income,2019,3720161.0,1987553.0,1732608.0,-0.171565740223868,58.6304091780343,2.021,55.0571018914481,17638337116.9126,4741.2832715876,5.38071926589951,16770.1333771469,4.85289821696723,23.9627957205486,11.565,10.174,12.828,55.65,62.928,74.165,78.888,69.224,8.2,69.6463934713126,68.8467135616978,141.755414275788,3.20488817553864,24.7,54.3043084100873,63.5057718296264
Germany,DEU,Europe & Central Asia,High income,2019,83092962.0,42061667.0,41031295.0,0.22551987421288,81.3053991689039,1.54,54.5379868593646,3959894794039.21,47656.199739747,0.977734697038784,59310.9693966204,1.44565976888253,21.1522978107472,3.163,2.724,3.541,59.368,61.307,81.2926829268293,83.7,79.0,3.1,72.705078125,88.1345169091916,128.292298108313,8.38218043063623,17.1,42.3402444816356,36.7329982359327
Ghana,GHA,Sub-Saharan Africa ,Lower middle income,2019,31258945.0,15637515.0,15621430.0,2.00780519953703,55.7246279109161,3.593,69.4561926050096,68352629246.1555,2186.65822682613,6.5077747939152,6002.55044678386,7.14364003330857,18.0381936845263,3.067,3.25,2.901,61.758,63.712,64.455,66.574,62.387,32.9,17.3607250095097,22.0732,130.70523333401,0.648665525979844,42.6,37.4495998625311,39.3752028696209
Gibraltar,GIB,Europe & Central Asia,High income,2019,35494.0,17804.0,17690.0,1.81957598739227,100.0,1.912,55.300809450886,,,,,,,,,,,,83.183,85.79,80.53,,,,114.208035160872,20.2118667943878,0.0,,
Greece,GRC,Europe & Central Asia,High income,2019,10721582.0,5530964.0,5190618.0,-0.105339392724138,78.1888100466875,1.34,57.2897286477691,207305649887.019,19335.3602002969,2.27718065334808,31927.3792151369,0.253007522038157,10.97046317576,17.045,21.201,13.704,42.187,50.855,81.6390243902439,84.2,79.2,3.5,143.96272277832,75.6712066931757,110.855033355177,5.7354129269356,18.5,39.5602885530263,41.0298063980194
Greenland,GRL,Europe & Central Asia,High income,2019,56225.0,26550.0,29675.0,0.359917714454119,87.0217895507812,2.115,41.6639371110383,2997309971.87623,53309.2035905065,2.83217756798683,64264.0564607393,,30.7827757323515,,,,,,71.4092682926829,73.96,68.98,,,,109.935097353969,9.31791907514451,10.9,41.0427004962382,51.148051064511
Grenada,GRD,Latin America & Caribbean ,Upper middle income,2019,115981.0,57553.0,58428.0,0.250354079448358,36.1346465679904,1.542,46.9868829605221,1213485185.18519,10462.7929159533,0.676511738873756,16446.1138871871,0.598149764736022,,,,,,,74.971,78.194,72.101,16.8,,64.31279755,100.175028668489,1.55542718203844,10.4,,
Guam,GUM,East Asia & Pacific,High income,2019,161808.0,79447.0,82361.0,-0.536848682318792,94.0799802498939,2.938,56.481374028084,6355000000.0,39274.9431424899,2.52360203340596,,,,5.405,5.116,5.639,58.917,62.284,76.645,80.892,72.88,,,,,0.00247206565806388,4.5,22.2501966955153,55.8143194335169
Guatemala,GTM,Latin America & Caribbean ,Upper middle income,2019,17103803.0,8613924.0,8489879.0,1.52062955252943,54.1882267267974,2.593,63.4502854678952,77172331693.4093,4511.99839552697,4.01789830861587,10755.8801029589,3.69998398008605,14.3792899603231,2.193,2.946,1.84,57.871,59.169,71.639,74.018,69.28,20.2,22.559501429793,44.401049838502,122.043793418341,1.14962736649855,62.8,17.6119727745274,27.9047614104306
Guinea,GIN,Sub-Saharan Africa ,Lower middle income,2019,13034346.0,6613827.0,6420519.0,2.56100451729991,36.1281547546387,4.576,84.7162617278037,13442861496.4454,1031.34146480732,5.61691446889876,3105.82789015443,9.47001039253012,17.7992411069131,5.018,5.064,4.986,50.225,52.879,59.379,60.529,58.159,67.0,,23.89049911,98.7621473298315,0.369331917381969,68.3,35.0420493356329,43.3732638929645
Guinea-Bissau,GNB,Sub-Saharan Africa ,Low income,2019,1967696.0,997539.0,970157.0,2.34095994762157,43.8745574951172,4.153,78.2909872123504,1596214680.12925,811.210004050041,5.32749571119344,2247.29524698075,0.24660026814783,23.9030768059084,2.413,1.961,2.806,60.667,62.167,62.161,64.305,59.873,48.6,,17.92149925,80.8245277725828,0.181227181434531,86.2,18.2810341557162,31.6628713407858
Guyana,GUY,Latin America & Caribbean ,High income,2019,807665.0,411269.0,396396.0,2.0146740033225,26.4258834773058,2.521,53.9720485823168,5173760191.84652,6405.82443444562,5.35284003535665,13240.9713761155,2.11238986774464,,13.172,14.658,12.14,45.209,52.067,69.067,72.848,65.525,27.1,,55.31269836,96.327066296051,3.45861217212582,11.3,,
Haiti,HTI,Latin America & Caribbean ,Lower middle income,2019,11105163.0,5596002.0,5509161.0,1.29423660619831,52.0069059952475,2.862,59.4966700801278,15016090929.5125,1352.17204191532,-1.72309699839232,3236.97492504607,18.7037825672506,18.5362500202298,14.095,17.085,11.357,56.547,65.825,64.328,67.29,61.483,44.7,,35.76409912,61.6234088594647,0.323714293972993,76.4,10.5576734334849,34.0110453423444
Honduras,HND,Latin America & Caribbean ,Lower middle income,2019,9943633.0,4932542.0,5011091.0,1.81063773761993,56.3791561389766,2.611,57.5525251243283,24882225741.8119,2502.32744328073,2.55963434592314,5784.93081057111,4.36587159819274,22.8046970698247,5.698,8.241,4.315,59.578,63.177,72.124,74.726,69.651,14.9,25.3231382609304,39.3883521850111,76.0268304351136,1.02100509944404,46.2,40.2185209903792,59.2410142548624
"Hong Kong SAR, China",HKG,East Asia & Pacific,High income,2019,7507900.0,4109737.0,3398163.0,0.739283471323064,100.0,1.064,41.7143206606678,363074545072.389,48359.0011950597,-1.67242865968056,61221.4195400701,2.88320853773996,18.2977495428858,2.917,2.301,3.543,58.245,59.995,85.1558536585366,88.06,82.39,,83.8542119335773,91.7434003891587,286.618647834243,5.79498927796055,0.2,177.651315174364,176.092205965367
Hungary,HUN,Europe & Central Asia,High income,2019,9694824.0,5052953.0,4641871.0,-0.125143121699401,70.4565277099609,1.58,51.8661548498973,164936682033.992,17012.8598553199,5.07718495088933,35627.2315520858,3.33858635382008,27.1243438949818,3.411,3.506,3.329,56.477,58.472,76.3195121951219,79.7,73.1,3.4,54.2122917175293,80.3716936050482,105.141557934591,5.31240175169761,13.6,81.065700696964,78.8598557678669
Iceland,ISL,Europe & Central Asia,High income,2019,360563.0,175702.0,184861.0,2.19893225826166,93.9770847416131,1.74,49.6379021983175,24985687022.0452,69296.3144361601,1.13821227336888,61270.1315624391,3.01397179156061,20.5982032391469,3.507,3.111,3.845,73.044,75.698,83.1634146341463,84.7,81.7,2.1,70.6093521118164,99.5049411693787,114.623232603271,8.81066554249882,81.7,44.7138622775299,39.0785036743144
India,IND,South Asia,Lower middle income,2019,1389030312.0,671679248.0,717351064.0,1.04001395098104,33.8139578818147,2.12,49.3781313856783,2835606256558.19,2041.42863698585,3.87143694070524,6945.40309824538,3.72950573539123,28.4545443348195,6.51,6.073,6.653,48.88,52.284,70.746,72.287,69.312,29.8,29.0233593907143,29.52350044,82.898144918237,1.83688223212799,33.5,18.664264897257,21.2411386333872
Indonesia,IDN,East Asia & Pacific,Upper middle income,2019,272489381.0,135572405.0,136916976.0,0.935604959235128,55.7382049560547,2.205,48.3187310528364,1119099871350.2,4106.94856160358,5.01928768046282,11986.4701508376,3.03058460941661,32.3468845518546,3.59,3.35,3.747,65.789,68.238,70.349,72.389,68.325,18.5,37.3230862728703,47.6906489788375,125.244348145809,2.33979466524606,19.8,18.5915277970883,19.0362497386225
"Iran, Islamic Rep.",IRN,"Middle East, North Africa, Afghanistan & Pakistan",Upper middle income,2019,87051648.0,42726607.0,44325041.0,1.07831720901251,75.2038879394531,1.766,44.7786947808427,347988400957.999,3997.4935449585,-2.36143538770575,13927.5128074328,39.9073455697784,25.2446130741474,10.74,17.633,9.144,39.299,44.027,76.855,78.832,74.987,12.1,58.1169509887695,72.4509047672065,135.622267599115,8.18571981543646,1.0,22.3147082096412,26.2770630040625
Iraq,IRQ,"Middle East, North Africa, Afghanistan & Pakistan",Upper middle income,2019,41192171.0,20564177.0,20627994.0,2.27501115691232,69.8683395385742,3.48,73.0951419263335,233636097800.338,5671.8568632942,5.5137905789381,12248.5917385963,-0.198965380023882,19.7640612140938,14.096,28.643,11.633,34.81,40.522,71.245,73.01,69.328,23.5,,44.3263465511579,90.3685290100393,4.70108992313127,0.9,38.0518681988838,30.9380702213968
Ireland,IRL,Europe & Central Asia,High income,2019,4976456.0,2511782.0,2464674.0,1.58865409604595,63.2737009154127,1.69,53.0371687022091,407211793800.713,81827.6688873996,4.97288003766816,92042.2566065385,0.937842961189274,53.2106628607249,4.95,4.685,5.175,59.227,62.312,82.7024390243903,84.7,80.8,3.0,74.444580078125,87.0000552425146,104.597515228061,7.30821291296457,12.3,131.224509342169,126.428263568252
Isle of Man,IMN,Europe & Central Asia,High income,2019,83957.0,42334.0,41623.0,0.181209143421298,52.1789898247578,1.606,58.7137753076618,7314967866.28289,87127.5517977404,0.254877847398262,,,,,,,,,80.74,82.778,78.735,,,,,,1.9,,
Israel,ISR,"Middle East, North Africa, Afghanistan & Pakistan",High income,2019,9054000.0,4556931.0,4497069.0,1.90898263957994,91.6154002002652,3.01,66.6943447277344,399207771081.611,44091.8678022544,3.57898762923605,41176.910821106,0.817645940292794,23.1324217345266,3.731,3.846,3.627,62.571,64.996,82.8048780487805,84.7,81.0,2.9,57.4564514160156,86.7878776180583,135.143345507015,7.21388336646786,4.5,29.0853955837603,27.442766261022
Italy,ITA,Europe & Central Asia,High income,2019,59729081.0,30598198.0,29130883.0,-0.247712826621699,69.5050010681153,1.27,56.5632847288554,2019606796583.53,33812.788724868,0.429162533780342,46661.9105159611,0.611246943765304,18.1291790303995,9.884,11.035,9.03,44.688,49.589,83.4975609756098,85.7,81.4,2.6,65.6895065307617,67.8507102874836,132.181234381376,5.56784056329278,17.3,30.9498739181942,27.7443163412796
Jamaica,JAM,Latin America & Caribbean ,Upper middle income,2019,2823271.0,1424516.0,1398755.0,0.112486030848061,56.6957957395074,1.39,39.0357469289986,17026269262.5307,6030.68896415921,1.80943147301357,10845.0113635875,3.90510000865872,,4.987,6.372,3.836,63.628,66.967,71.532,74.008,69.085,17.2,,70.8410169743356,107.105304450051,2.98926316318908,9.2,,
Japan,JPN,East Asia & Pacific,High income,2019,126633000.0,64757100.0,61875900.0,-0.140464977878172,91.7164207898107,1.36,69.4781102585107,5245755000479.03,41424.8655601543,-0.308496921143259,43743.5313931194,0.46877615938395,27.1778545672026,2.351,2.168,2.496,60.55,62.008,84.3563414634146,87.45,81.41,1.8,62.4008407592773,92.7303978145525,147.209910756974,8.87456666113888,7.8,17.0377974181499,17.320499861849
Jordan,JOR,"Middle East, North Africa, Afghanistan & Pakistan",Upper middle income,2019,10671891.0,5149737.0,5522154.0,1.98343822476301,91.515966492507,2.855,58.8802726956431,48640273802.8169,4557.79334729121,1.85633006592765,10305.6561841508,0.761514047265601,,16.801,23.993,15.366,32.649,39.242,76.865,79.231,74.806,13.7,30.1108403894558,70.08470154,72.8902684631993,2.18238735759201,8.5,,
Kazakhstan,KAZ,Europe & Central Asia,Upper middle income,2019,19209555.0,9926312.0,9283243.0,1.45157995956237,59.0832474269546,2.89,57.4655912088719,181667184854.501,9457.12614657136,4.50000000091883,28689.2710838374,5.33356098916669,23.4674329467477,4.8,5.34,4.286,66.716,70.08,73.658,77.743,69.198,8.1,57.3421123781351,81.8776204746284,133.879728083238,11.3909406022159,1.9,36.4389870990994,28.419629452657
Kenya,KEN,Sub-Saharan Africa ,Lower middle income,2019,51202827.0,25717437.0,25485390.0,1.96381549826771,31.1895566421135,3.433,74.2639405667526,100378436207.371,1960.40808854893,5.11415885767801,4687.37782325306,5.23963795764792,18.961572231805,5.014,5.27,4.788,64.404,67.803,62.939,65.1,60.859,37.0,10.4975595474243,22.6687733618171,106.547822056778,0.380387200105182,68.1,11.4279956869332,20.3314661545478
Kiribati,KIR,East Asia & Pacific,Lower middle income,2019,123921.0,64170.0,59751.0,1.4934933399344,56.2846727145489,3.29,64.0121234580973,216891541.021351,1750.24040333237,3.31125827814569,2761.74331450078,-1.81307995302947,15.7619752390588,,,,,,65.866,67.498,64.025,42.9,,41.79299927,44.1071327700713,0.614100919133964,42.2,14.9888877146964,83.367694198499
"Korea, Dem. People's Rep.",PRK,East Asia & Pacific,Low income,2019,26037632.0,13206827.0,12830805.0,0.409804313568107,62.3542226611578,1.825,42.9458246992114,,,,,,,3.439,3.583,3.302,79.354,82.18,72.928,75.863,69.945,14.3,,,16.3340506540687,2.81942305659747,10.0,,
"Korea, Rep.",KOR,East Asia & Pacific,High income,2019,51764822.0,25883574.0,25881248.0,0.347874968577526,81.2901063535619,0.918,37.8813882499402,1751045752054.63,33826.9443301597,2.31380210595475,46511.2196957018,0.383000303608136,30.112526532099,3.746,3.581,3.869,60.635,62.994,83.2268292682927,86.3,80.3,2.6,93.9989166259766,96.157579184239,133.079790493891,12.6531894575046,3.2,37.0413266370488,34.4057366033023
Kosovo,XKX,Europe & Central Asia,Upper middle income,2019,1788891.0,908689.0,880202.0,-0.457058941890623,44.0002171565695,1.575,46.3859932227911,7899204690.79214,4415.6992744623,4.75680057007834,10861.0531745974,2.67599202639893,31.0426389832901,,,,,,77.249,79.363,75.064,10.2,,,,,,29.3126074591152,56.440801046233
Kuwait,KWT,"Middle East, North Africa, Afghanistan & Pakistan",High income,2019,4442316.0,1702228.0,2740088.0,2.71071332448015,100.0,2.082,32.2422486608522,140856394860.529,31707.8737443551,2.26381706595791,50703.0001343301,1.09184802655856,22.7492715404258,2.213,6.0,0.981,71.706,73.328,81.969756097561,83.03,80.96,7.6,50.4400595299189,99.5426764518489,164.941648203568,21.7968059903888,0.1,52.0582560763879,39.6274563132075
Kyrgyz Republic,KGZ,Europe & Central Asia,Lower middle income,2019,6590211.0,3326680.0,3263531.0,2.24236415055009,34.8805205758044,3.3,60.7277440086941,9371275264.36735,1421.99927504102,4.60062565707598,5304.22758314405,1.13362257718804,30.008048742598,5.45,6.304,4.918,55.661,58.869,71.6,75.8,67.6,16.0,40.8257000638543,64.1,132.776694304851,1.55180160392437,28.3,33.4764696600324,60.9538126942615
Lao PDR,LAO,East Asia & Pacific,Lower middle income,2019,7237636.0,3597824.0,3639812.0,1.52576304616693,35.9072880879451,2.589,56.4903622140064,18740561512.5555,2589.32081035237,5.4577350924848,7743.21906534261,3.32255881256925,,2.531,2.067,2.938,60.633,62.207,67.911,70.156,65.784,33.3,13.7404020217342,47.03229904,64.0668582946144,2.67630204116372,50.5,,
Latvia,LVA,Europe & Central Asia,High income,2019,1913822.0,1030973.0,882849.0,-0.695239140136066,68.066323694246,1.61,57.1028331214081,33099503950.847,17294.9751600969,0.675372771884227,32199.0960377091,2.81140920075624,22.7240395466554,6.312,5.424,7.194,57.231,61.086,75.3878048780488,80.1,70.9,3.3,94.8645324707031,86.13545644343,108.221910991332,4.13194121501373,41.5,62.5368430163073,62.7547886916228
Lebanon,LBN,"Middle East, North Africa, Afghanistan & Pakistan",Lower middle income,2019,5794594.0,2971467.0,2823127.0,-3.21837128976045,89.4986743521503,2.327,57.947939773335,51605959131.2741,8905.88005497437,-6.91492472851026,21710.4648750807,3.00538949390383,13.5591549936245,11.301,14.323,9.922,43.368,48.894,78.208,80.048,76.211,12.6,50.1483937104215,81.48120117,73.1364785867655,4.66025747446672,5.1,20.6977589567577,42.2831570534023
Lesotho,LSO,Sub-Saharan Africa ,Lower middle income,2019,2209405.0,1134699.0,1074706.0,1.17469837087993,38.6040920446259,2.924,66.2552307394785,2390702295.82777,1082.05706777516,-1.41799383085205,2568.34114362719,5.18708359197982,25.8514905247969,16.876,19.098,15.104,47.925,57.655,55.249,57.674,52.716,63.5,,42.301733569273,76.1124827725111,0.354575100536117,41.6,46.2093281781161,94.3073053135637
Liberia,LBR,Sub-Saharan Africa ,Low income,2019,5043721.0,2529495.0,2514226.0,1.98225492944197,52.85526226447,4.257,81.5780596641484,3319596500.0,658.164180770507,-2.46729763532686,1899.52200972855,26.9662760197878,,3.071,2.329,3.744,74.464,76.823,61.232,62.437,60.018,63.3,,19.89579964,38.4041861157665,0.20014984968439,89.7,,
Libya,LBY,"Middle East, North Africa, Afghanistan & Pakistan",Upper middle income,2019,6951033.0,3408223.0,3542810.0,1.47795950725002,87.8220115209342,2.539,52.6904898725235,69254496471.6938,9963.19489084483,-11.1960828853386,16194.1082061146,-2.16217883470591,13.7570741253253,19.087,25.159,15.958,39.81,49.201,72.941,76.203,70.075,9.2,,71.40409851,164.00440049702,8.26849764632106,3.0,42.35532240076,36.6386467842538
Liechtenstein,LIE,Europe & Central Asia,High income,2019,38563.0,19436.0,19127.0,0.825428790511035,14.6070830005951,1.48,49.0933694181326,6436467007.11932,166907.839305016,,,,,,,,,,84.1609756097561,85.8,82.6,,41.1658401489258,93.14610291,124.214360041623,,56.1,,
Lithuania,LTU,Europe & Central Asia,High income,2019,2811089.0,1503471.0,1307618.0,-0.288120400605037,67.245735168457,1.43,53.7688027144722,55122066225.796,19608.7943945553,4.67735183530451,40563.8304884555,2.33450937988027,21.2003099235928,6.255,5.492,7.021,58.187,62.069,76.2829268292683,81.2,71.6,3.3,75.0942306518555,81.5818683764046,132.528841977519,5.08575146500164,33.5,76.8187229886379,71.5562730231805
Luxembourg,LUX,Europe & Central Asia,High income,2019,620001.0,308152.0,311849.0,1.9628449198635,93.2589839734767,1.34,43.8630889675752,69872035113.6469,112696.649059674,2.74932091920692,121371.73990307,1.74332075653848,18.0483819362099,5.592,5.525,5.649,56.684,60.041,82.6390243902439,85.2,80.2,2.0,19.3969497680664,97.120635693272,131.870169616698,15.63174898105,16.4,206.580145839872,176.080634744548
"Macao SAR, China",MAC,East Asia & Pacific,High income,2019,672000.0,358919.0,313081.0,1.96865626033754,100.0,0.899,32.8591001563862,55025172016.004,81882.6964523869,-2.4609094006739,126029.622371097,2.75193081051975,13.8756842814004,1.73,1.336,2.127,68.582,69.789,83.9292682926829,86.9,81.1,,80.0911214953271,86.4679257062588,416.260540646881,3.34419642857143,8.4,82.646781315937,32.5845176196127
Madagascar,MDG,Sub-Saharan Africa ,Low income,2019,28219554.0,14063352.0,14156202.0,2.60136633480103,30.3046972370204,4.221,77.7556849963264,14104664678.5063,499.818837622534,4.41123212909589,1612.29772715626,5.61051441492365,21.2478039150184,2.479,2.623,2.342,83.25,85.366,63.504,65.142,61.911,44.1,5.28586006164551,9.379400253,46.077978411707,0.142139028845034,82.5,28.4244012431975,34.1769218025153
Malawi,MWI,Sub-Saharan Africa ,Low income,2019,19025752.0,9753369.0,9272383.0,2.65059567621331,16.1383746619001,3.952,86.6850770289584,11051852712.6142,580.889139762475,5.71682519194337,1450.01008064784,9.3708360560567,,4.964,5.866,4.11,60.13,63.271,64.995,68.428,61.584,38.3,,11.05860043,46.7841008334388,0.294726852321002,70.9,12.9894565946906,31.2059958688892
Malaysia,MYS,East Asia & Pacific,Upper middle income,2019,33440596.0,15854594.0,17586002.0,1.59646653343981,74.8377707734042,1.777,44.8360877975172,365177721021.516,10920.191763972,4.41318742129586,28933.928297233,0.662891865764326,22.9367865039746,3.33,3.478,3.243,63.678,65.871,75.9,78.604,73.539,6.8,40.8082966813944,84.1871450078281,133.372921941941,7.63039929073035,5.7,65.2777668428576,57.7507951850853
Maldives,MDV,South Asia,Upper middle income,2019,487731.0,189425.0,298306.0,3.04593554452725,40.0492764783282,1.64,34.2339490950724,5726094799.37709,11740.2724029785,6.92305989050099,23077.2112236652,0.220029731065383,44.0512013945222,4.562,3.762,4.808,60.729,63.632,79.707,81.514,78.392,6.4,24.6480059688561,77.46970367,169.774322321116,3.10683553024106,1.3,65.5134179400092,71.6118129351757
Mali,MLI,Sub-Saharan Africa ,Low income,2019,21068405.0,10432310.0,10636095.0,3.01814494306617,28.3520715749509,5.892,100.416568884451,20477421884.5414,971.949318638092,4.99999911699705,2819.86582297259,-1.65826694846365,24.0416131193112,3.29,3.63,3.07,65.177,67.394,59.217,60.424,58.045,57.6,,24.96030045,108.814511587375,0.290188080208255,74.9,21.7272254994959,32.2714877803678
Malta,MLT,"Middle East, North Africa, Afghanistan & Pakistan",High income,2019,503912.0,245181.0,258731.0,4.05171762437788,94.9332032524644,1.14,47.3547541904016,16337788880.578,32421.9087471186,4.0850557312243,51392.5014263659,1.6420600176894,20.0768740430803,4.08,4.682,3.681,57.823,60.283,82.6585365853659,84.4,81.0,5.4,58.4985084533691,85.7785963798031,125.866492068688,3.32002413119751,7.4,124.520039315181,108.550401626777
Marshall Islands,MHL,East Asia & Pacific,Upper middle income,2019,44007.0,21457.0,22550.0,-2.86271396531764,76.9422712042154,3.012,63.0311562256881,232900000.0,5292.33985502306,10.4521147301896,6045.06240783364,,50.2256762559038,,,,,,66.047,68.448,64.101,26.2,37.3626373626374,49.75749969,36.3578521598836,0.00227236575999273,12.1,37.0618720480893,115.945856590812
Mauritania,MRT,Sub-Saharan Africa ,Lower middle income,2019,4467708.0,2283919.0,2183789.0,2.95347297852629,56.0596215779146,4.984,89.6916163393409,7894764885.82312,1767.072710621,3.14100489264639,5610.13236713892,2.30009262117937,31.2427610467936,10.416,15.053,8.078,36.77,41.045,67.64,69.518,65.817,34.9,5.88823986461851,25.0977993,105.441089704161,1.00413903504884,21.2,42.3975240406607,51.089170094471
Mauritius,MUS,Sub-Saharan Africa ,Upper middle income,2019,1265985.0,630676.0,635309.0,0.0322330642925213,39.2509492806955,1.41,38.4410218949367,14645235204.6176,11568.2533399824,2.86394938684734,24374.7818286567,0.405655190309553,18.8145550298546,6.331,9.794,4.15,55.964,59.747,74.2358536585366,77.56,71.07,14.0,42.9878710798151,61.7299551453346,145.117277088014,3.32168232640987,8.9,60.3459360407147,67.5949630234179
Mexico,MEX,Latin America & Caribbean ,Upper middle income,2019,125762982.0,64578493.0,61184489.0,0.950144329831411,78.355984332992,2.02,50.7872946012451,1304106204006.27,10369.5553593527,-0.392690513290532,20964.2774863762,3.63596142127046,21.6659739999182,3.477,3.515,3.453,58.995,61.12,74.53,77.422,71.587,13.7,43.0441398620605,69.6321092705209,97.0358606795758,3.92542377851696,10.3,38.5296507889335,38.9323214620124
"Micronesia, Fed. Sts.",FSM,East Asia & Pacific,Upper middle income,2019,110282.0,55394.0,54888.0,0.338797095962346,22.359245777081,2.883,60.8767323121809,395000000.0,3581.72684572278,3.64372469635627,3741.7086219508,1.92385170787923,,,,,,,66.196,69.548,63.012,23.7,,37.97370148,20.8556246712972,0.0018135325801128,2.0,35.4430379746835,71.1392405063291
Moldova,MDA,Europe & Central Asia,Upper middle income,2019,2664224.0,1433899.0,1230325.0,-1.60031653578231,40.772289276123,1.78,50.5590674260294,11736797054.6965,4405.33418162155,3.5523140853476,13413.2232935126,4.83778351428729,23.3938698713556,1.502,1.182,1.88,68.29,69.332,70.181,74.622,65.575,14.1,54.7812048030675,73.32610321,116.105189229966,3.41941968843461,22.0,31.1910849579769,56.4411521569138
Monaco,MCO,Europe & Central Asia,High income,2019,38109.0,19448.0,18661.0,-0.118012680389237,100.0,2.403,95.4356633673522,7383494129.41175,193746.729890885,7.12088951975396,,,,,,,,,86.151,88.323,84.209,2.6,,98.0,88.6483507832795,,,,
Mongolia,MNG,East Asia & Pacific,Upper middle income,2019,3267673.0,1634513.0,1633160.0,1.8371507310985,67.8277299551557,3.0,57.4288259442459,14206359017.5143,4347.54610314873,5.60224422064255,13604.978943194,7.30106953550729,27.9834550940703,9.024,8.038,9.824,59.679,65.598,71.0531707317073,75.96,66.38,12.8,67.970817565918,51.079994082603,136.719198864644,7.75337679137417,2.3,59.2172331806539,65.1792814405109
Montenegro,MNE,Europe & Central Asia,Upper middle income,2019,626753.0,324836.0,301917.0,0.0502716675485305,65.1686759904159,1.8,52.9482821311871,5483622632.13097,8749.25629734676,4.39391565821528,23705.3800229705,0.361563704540767,27.6012756763197,15.128,15.685,14.668,46.304,54.558,76.6829268292683,79.5,74.0,2.6,56.2633209228516,73.4766657478691,188.173957398388,,38.7,44.3238379207013,65.6922859488993
Morocco,MAR,"Middle East, North Africa, Afghanistan & Pakistan",Lower middle income,2019,36210898.0,17926376.0,18284522.0,1.03022315933698,61.8430450233765,2.342,51.4045655561766,128920266409.458,3508.09765625,2.89097476137077,8046.22900390625,0.303386036590383,27.1927093583345,9.191,10.621,8.746,41.918,46.161,74.245,76.391,72.253,17.8,37.7212021382481,84.1203630467602,128.874798962456,1.9847450344921,10.7,34.093057468891,41.9050584109511
Mozambique,MOZ,Sub-Saharan Africa ,Low income,2019,29884380.0,15432082.0,14452298.0,2.9397415898529,33.4177241517032,5.016,92.6621562736864,15512759046.672,519.09255091362,2.31781394821475,1388.79707034446,2.80270307928111,,4.462,4.88,4.004,75.396,78.917,61.306,63.736,58.518,49.2,,12.47929955,49.4350694242276,0.288756199727081,77.5,37.1420563608323,68.4491150410889
Myanmar,MMR,East Asia & Pacific,Lower middle income,2019,52640713.0,26389410.0,26251303.0,0.702425162747352,30.0782436945232,2.206,46.396472048483,75065106227.6892,1425.98954211903,6.57911006765414,6101.37245765709,8.82506696804558,,0.407,0.478,0.362,60.255,60.502,66.457,69.478,63.574,38.4,,36.54050064,155.669416939698,0.653317518704581,58.5,,
Namibia,NAM,Sub-Saharan Africa ,Lower middle income,2019,2650494.0,1358966.0,1291528.0,2.79932223646079,48.0019807724839,3.404,68.1991512920047,12541928303.48,4731.9210318831,-0.839152163419357,9609.48555672874,3.72239414422695,15.7508858678829,19.929,18.624,21.172,47.18,58.923,63.546,67.299,59.777,42.8,25.8966511201824,49.77590179,106.53315947895,1.45542679968338,30.2,36.4008818615818,46.5002688810536
Naoero,NRU,East Asia & Pacific,High income,2019,11587.0,5660.0,5927.0,0.953874731639391,100.0,3.531,65.6562768086932,125160115.547819,10801.7705659635,8.5470085470084,10554.5218533653,,,,,,,,61.393,64.05,59.035,11.1,,74.73789978,86.3036161215155,0.0,0.6,60.3950285714286,95.5116571428571
Nepal,NPL,South Asia,Lower middle income,2019,28414064.0,14813382.0,13600682.0,1.18377302604311,65.9873929484157,2.08,58.7001840122581,34186180699.0255,1203.14294706401,6.65705543110468,4260.67373190851,5.56616035243723,33.8151256832317,10.477,11.876,9.651,35.599,39.765,69.299,70.7,67.87,27.1,13.8072821953912,33.33660126,136.186080245332,0.473751308506942,78.2,7.77993647445109,41.4695901124501
Netherlands,NLD,Europe & Central Asia,High income,2019,17344874.0,8742188.0,8602686.0,0.65507157480522,93.8898028856479,1.57,53.5125012921873,928903005576.469,53554.9007491475,2.3001616053659,62345.2538465433,2.63369910249591,20.9075559765573,3.379,3.355,3.4,64.453,66.707,82.1121951219512,83.7,80.6,3.5,,93.2885906040269,124.08833250929,9.10784361996519,8.6,85.3209394926528,75.3557323923463
New Caledonia,NCL,East Asia & Pacific,High income,2019,283606.0,143249.0,140357.0,0.0229217470195887,67.1574673707832,2.05,48.341135549337,9475655324.59495,33411.3358835672,-1.39999999506659,,,29.4565600495049,10.88,11.567,10.271,51.375,57.647,77.262,80.498,74.154,,,,91.6764807514651,20.3934331431634,5.2,18.3293636039604,39.8810034950495
New Zealand,NZL,East Asia & Pacific,High income,2019,4970300.0,2503769.0,2466531.0,1.41225538599445,83.804965871667,1.72,52.5965951829053,213088034258.42,42872.2681243427,2.32371708441623,45295.8241222088,1.61963190184048,23.673560247464,4.109,4.421,3.83,67.291,70.174,82.0560975609756,83.9,80.3,4.4,77.5843734741211,89.86370087,120.475335425902,7.49357181659055,28.0,27.320284070356,27.1409623393447
Nicaragua,NIC,Latin America & Caribbean ,Lower middle income,2019,6483657.0,3295694.0,3187963.0,1.29742127419157,58.5405671448072,2.321,56.0113131029246,12699023614.245,1958.62051528095,-2.89686986728901,5981.10876431466,5.37628990844126,16.4571885886473,5.457,5.491,5.436,61.449,64.995,73.764,76.416,71.016,12.6,,39.01079941,89.2772705280369,0.821126102136495,50.5,44.8044297851925,49.2377861394288
Niger,NER,Sub-Saharan Africa ,Low income,2019,22947757.0,11297004.0,11650753.0,3.36654855482346,16.813146499685,6.537,103.388518016932,12420836506.7888,541.265819870273,6.07881528959186,1367.56106521216,-2.48979265070855,34.566517433743,0.531,0.451,0.587,72.053,72.438,60.031,60.947,59.129,69.3,4.15170730347346,11.28549957,52.8112616845298,0.103413157111608,80.7,11.9560620288967,27.3332416443993
Nigeria,NGA,Sub-Saharan Africa ,Lower middle income,2019,209485641.0,103695842.0,105789799.0,2.1944019229433,58.9611186427056,4.861,85.8794318634782,668219992686.575,3189.81286496183,2.20842927835211,7551.39380361669,11.3964223378115,,5.206,4.911,5.466,76.785,81.001,53.009,53.24,52.769,69.1,,29.74410057,88.1169010528984,0.60197968413501,80.1,,
North Macedonia,MKD,Europe & Central Asia,Upper middle income,2019,1876262.0,960785.0,915477.0,-0.679308688552216,60.6286848102132,1.34,49.2556155977468,12606338448.547,6718.85826635458,3.91041953840173,20222.4719203634,0.766439573459805,21.0422372138482,17.414,18.487,16.645,43.789,53.023,76.6024390243903,78.6,74.7,6.3,43.1991004943848,81.4128827618364,101.231634434543,4.62504703500897,17.0,62.4080567878813,76.1681750526576
Northern Mariana Islands,MNP,East Asia & Pacific,High income,2019,48129.0,22858.0,25271.0,-1.95055872430955,91.6162852134162,2.559,42.0908124704771,1179000000.0,24496.6652122421,-11.4474929044465,,,,,,,,,77.844,79.817,76.173,,,,,0.00207774938186956,0.0,42.4936386768448,62.25614927905
Norway,NOR,Europe & Central Asia,High income,2019,5347896.0,2652072.0,2695824.0,0.675061373245644,82.4935894878281,1.53,53.4506846449634,424244886363.636,79329.3075190012,1.46970781954143,73630.0721860814,2.16773003305411,27.4902065300514,3.684,3.393,3.945,63.505,65.934,82.9585365853659,84.7,81.3,2.0,85.7633819580078,98.0000043853142,108.00526578567,8.47933467666537,59.8,35.6950517697888,33.1851913359431
Oman,OMN,"Middle East, North Africa, Afghanistan & Pakistan",High income,2019,4591241.0,1668759.0,2922482.0,-0.144431732263903,79.5780017545962,2.696,36.2325820015673,88060858257.4772,19180.1864152801,-1.12863801728058,37250.6110788359,0.490815362820671,28.9532596561073,2.045,8.46,1.002,68.351,69.778,79.946,81.873,78.434,8.7,45.1723183863131,90.25939941,138.232111508042,18.6062766036459,0.0,49.4929030047786,36.9852980265451
Pakistan,PAK,"Middle East, North Africa, Afghanistan & Pakistan",Lower middle income,2019,230800899.0,112921196.0,117879703.0,1.69187124669657,37.1091631735769,3.81,72.6314584931864,320909472770.669,1390.41690981745,2.49763692943365,5037.53401559745,10.5780305672025,13.7896449690024,4.83,6.273,4.421,49.105,51.597,66.729,69.2,64.493,56.3,11.103638528678,17.070901719916,71.6660323753765,0.861524807145574,45.9,9.3908635386027,19.5147134481005
Palau,PLW,East Asia & Pacific,High income,2019,17798.0,8184.0,9614.0,-0.0898573575007226,79.2803814152827,1.984,39.9512501965718,281954000.0,15841.8923474548,0.300684343692609,18576.7451553901,0.26737967914444,34.6413244713677,,,,,,68.982,72.041,66.455,19.8,,,134.846611978874,71.2608158220025,0.9,38.3226341885556,77.1750711108904
Panama,PAN,Latin America & Caribbean ,High income,2019,4234700.0,2114557.0,2120143.0,1.59097727067192,65.752985396379,2.288,53.4020908356858,69778991200.0,16477.9066285687,3.10295395631086,33239.7332311641,-0.355083821021246,37.0465789995542,6.256,7.921,5.079,64.224,68.51,78.514,81.567,75.528,12.6,,63.6284147731451,137.570004959029,3.10862634897395,19.0,40.2141745207689,40.2144760441879
Papua New Guinea,PNG,East Asia & Pacific,Lower middle income,2019,9609010.0,4643189.0,4965821.0,2.25754045467385,13.9278267446947,3.322,61.4277597667137,24750626029.8777,2575.77274140393,4.48051456942582,4059.82860203125,3.92867290939597,,2.651,1.956,3.278,49.783,51.138,65.331,68.43,62.9,36.2,,13.62419987,47.1952885885227,0.52413307926623,53.2,,
Paraguay,PRY,Latin America & Caribbean ,Upper middle income,2019,6515058.0,3241278.0,3273780.0,1.35488116957369,64.9845298299929,2.525,54.6312782944239,37925338329.1494,5821.18199548637,-0.40185510068001,14149.5985227505,2.75709727562775,18.7092695745639,6.595,8.307,5.37,67.617,72.392,73.668,76.796,70.73,17.0,,68.5176284222264,119.137051427631,1.30801598389454,60.1,36.0872909434467,35.1348707907966
Peru,PER,Latin America & Caribbean ,Upper middle income,2019,32449303.0,16274450.0,16174853.0,1.71486934751345,83.1033003087105,2.086,52.7058864277693,228346006003.648,7037.00803692604,2.24063176875049,13563.5372933551,2.25212191358027,20.9715689568285,3.379,3.736,3.078,74.748,77.362,76.275,78.576,74.106,12.5,,59.9505036049006,122.790350843591,1.79270106356368,27.1,24.0390874349068,22.9044179405342
Philippines,PHL,East Asia & Pacific,Upper middle income,2019,110804683.0,55506906.0,55297777.0,1.21615534645287,53.7157859948017,2.215,55.745826525598,376823402239.136,3400.78949767074,6.11852566221303,8924.10116402887,2.39206534422404,27.1551252131171,2.237,2.529,2.046,58.115,59.444,69.68,72.702,66.66,22.6,30.0548680110365,43.0266118680279,151.006642923206,1.33500133744347,26.9,28.3829200126393,40.4589222469285
Poland,POL,Europe & Central Asia,High income,2019,37965475.0,19543226.0,18422249.0,-0.0244271070993493,59.9626184068963,1.44,49.2108489415536,602683770144.88,15874.5220531254,4.58045817256199,35882.3655065553,2.22747880938291,19.1456176918134,3.267,3.57,3.02,55.593,57.471,77.9048780487805,81.9,74.1,3.8,70.9065017700195,80.4359068768673,126.597314882311,8.21985501300853,15.6,52.6128934811742,48.9681403361987
Portugal,PRT,Europe & Central Asia,High income,2019,10286263.0,5406231.0,4880032.0,0.0237334946497115,61.114927250613,1.44,56.0597690902446,240115970063.019,23343.3628970034,2.74568432648596,37865.5603564295,0.338178410046124,18.4328254718014,6.422,7.063,5.803,55.189,58.976,81.6756097560976,84.8,78.7,2.8,66.0920562744141,75.3463779408712,115.145564535894,4.51358282400518,28.2,43.6531259432991,43.1178629650595
Puerto Rico (US),PRI,Latin America & Caribbean ,High income,2019,3302691.0,1739820.0,1562871.0,0.364032148393714,93.9519912222253,0.982,55.5573505958644,105126400000.0,31830.5284993358,1.67546379498209,36217.7204390287,,15.3106165530257,8.3,6.751,9.62,35.388,38.591,81.438,85.14,77.66,,95.6914950121196,77.7364393708352,102.552928381388,3.8228523346568,2.4,60.5788840862048,46.9925727505175
Qatar,QAT,"Middle East, North Africa, Afghanistan & Pakistan",High income,2019,2638657.0,704807.0,1933850.0,2.21962210028933,99.1191696672067,1.731,18.6630569940031,176371267692.308,66841.3013484919,0.688240954592672,107502.469793988,-0.666641124861147,,0.1,0.399,0.045,87.345,87.433,82.945,84.064,82.176,5.4,21.0931416049405,99.6528042086389,140.01721278049,44.592192164423,0.1,52.1888599262863,37.8575156222525
Romania,ROU,Europe & Central Asia,High income,2019,19371648.0,9990504.0,9381144.0,-0.526814821936341,52.8931835224862,1.77,53.0183319640266,250080428511.595,12909.6104013244,3.96028958497598,33425.1219389628,3.82785432599438,23.2590450793581,3.912,3.378,4.315,49.985,52.02,75.6073170731707,79.5,71.9,5.6,52.4439697265625,73.6574757545465,116.252345583749,4.18922540818417,23.5,40.3352034270657,44.5711596314136
Russian Federation,RUS,Europe & Central Asia,High income,2019,145453291.0,77910513.0,67542778.0,0.037947213753429,74.6222859951926,1.504,48.5943754955694,1693115002708.32,11447.701171875,2.19807571381982,30963.853515625,4.47202631837903,20.9023404249496,4.513,4.356,4.661,58.913,61.698,73.0839024390244,78.17,68.24,4.8,80.9520697471091,82.6421618670668,163.646302441755,12.7738739166789,3.2,28.4334306799759,20.7953229819275
Rwanda,RWA,Sub-Saharan Africa ,Low income,2019,12776103.0,6564443.0,6211660.0,2.28086099658628,22.9711026997362,3.985,75.4998497905928,10519272170.3346,823.355304065304,9.28613387454543,2374.40565682007,3.34787655037648,21.5257396581554,11.236,12.075,10.507,51.883,58.451,66.691,68.809,64.358,31.7,6.3142892660234,21.3579998,75.5985451901883,0.118588586832777,81.8,22.0304453174238,26.8622697163352
Samoa,WSM,East Asia & Pacific,Upper middle income,2019,209780.0,103948.0,105832.0,1.05329202031498,18.4147344481283,4.061,77.3941500291737,912950466.064906,4351.94234943706,4.45185891688691,6638.1845475197,0.982326569888117,32.622637284439,7.858,12.107,5.315,46.206,50.147,70.269,72.195,68.469,14.9,13.5792119039657,,40.0419487081705,1.78043664791687,34.2,35.033330142378,48.2977494392677
San Marino,SMR,Europe & Central Asia,High income,2019,34663.0,17836.0,16827.0,0.407603368403658,97.0999984741211,1.096,49.9913457377759,1616231696.04862,46626.9998571568,2.06569082920953,57444.1206392397,0.472651967352852,23.4772792412824,,,,,,85.257,86.787,83.586,1.5,50.2355712603062,67.85070038,111.822930193634,,,163.997236624232,143.267533922626
Sao Tome and Principe,STP,Sub-Saharan Africa ,Lower middle income,2019,213392.0,107058.0,106334.0,1.51332392108067,67.9129943847656,3.9,79.51862975208,412976082.620705,1935.2931816596,2.01431672129407,4655.48496449805,7.72024525213248,11.8344723672173,8.835,8.933,8.739,21.6,23.693,68.043,71.865,64.778,11.3,,44.25790024,77.6791069955762,0.745576216540451,38.6,16.7195626461315,50.8552363527341
Saudi Arabia,SAU,"Middle East, North Africa, Afghanistan & Pakistan",High income,2019,30063799.0,11674265.0,18389534.0,-0.439701419074031,83.6394643268678,2.49,39.2782204735528,888890133333.333,29566.7933827436,1.65158925617395,59560.2537904546,-1.19298644533328,22.463218551494,5.636,23.288,2.74,57.753,61.203,78.313,80.375,76.943,5.7,77.9664942011008,95.7247355953812,135.526154774497,19.2859458646594,0.0,32.159204977113,24.6346155115383
Senegal,SEN,Sub-Saharan Africa ,Lower middle income,2019,16352922.0,8096322.0,8256600.0,2.71760793051867,49.9443321273477,4.1,79.7592228578564,23403995992.1354,1431.18128932159,4.6136280976221,3647.95137357242,1.76011151192939,29.6563562180026,2.863,3.048,2.754,49.26,50.712,67.668,69.574,65.859,34.8,12.60825139125,43.37969971,109.341890091569,0.674423812453823,36.2,24.9831341973865,39.253116408714
Serbia,SRB,Europe & Central Asia,Upper middle income,2019,6945235.0,3636492.0,3308743.0,-0.536610017822353,61.0492248535156,1.52,54.6017908714794,53864693664.5568,7755.632986437,4.75020793899014,20587.2567440786,1.84922984511086,22.2768602015312,10.395,11.062,9.834,48.443,54.063,75.9365853658537,78.6,73.4,4.8,67.7898406982422,77.4167736219802,122.047741314232,,21.4,48.9609956559925,58.6163138900993
Seychelles,SYC,Sub-Saharan Africa ,High income,2019,97625.0,44317.0,53308.0,0.887925293341637,44.0049304031754,2.31,39.0862076334573,1868690096.73454,19141.5118743615,5.5142920737342,34219.061370118,1.80709400809982,22.0855945287218,,,,,,74.0463414634146,78.4,69.9,13.6,41.2970430107527,76.63420105,164.617084572886,9.16568501920615,1.2,82.3562686214226,91.0515782587732
Sierra Leone,SLE,Sub-Saharan Africa ,Low income,2019,7731991.0,3878671.0,3853320.0,2.32146457882717,42.7018444914441,4.192,76.4806176920907,6523577590.38319,843.71251730417,5.50270937378153,2704.05835704649,14.8049990906021,17.3969912844097,3.204,2.147,4.197,52.086,53.81,59.593,60.871,58.299,64.0,,15.71370029,87.0384355077496,0.156143482319108,75.4,9.6941408328194,27.8678121639067
Singapore,SGP,East Asia & Pacific,High income,2019,5703569.0,2754201.0,2949368.0,1.14428330688929,100.0,1.14,30.1882050728381,376827390962.044,66068.7003106378,1.15877947300108,105521.619340296,0.567829988405447,22.799478885506,3.1,3.322,2.931,66.847,68.986,83.5951219512195,85.9,81.4,2.0,91.0889904414776,88.9492526850762,159.347378272364,9.79870673958709,0.9,176.819042272174,147.45104630445
Sint Maarten (Dutch part),SXM,Latin America & Caribbean ,High income,2019,40385.0,20787.0,19598.0,1.6805019872063,100.0,1.481,39.8663157165616,1407880446.92737,34861.469528968,10.9650009352392,45715.6970519376,,,,,,,,75.68,78.577,73.132,,,,,,0.0,,
Slovak Republic,SVK,Europe & Central Asia,High income,2019,5454147.0,2790509.0,2663638.0,0.135328072840865,53.3666558664583,1.57,47.1743766979644,105843498304.094,19406.0589683582,2.27589910019393,33985.6758419661,2.6645613342544,21.6812781607176,5.761,5.958,5.599,56.125,59.556,77.6658536585366,81.2,74.3,5.0,48.1902389526367,82.8536605021784,135.755672834643,6.3818228588265,17.6,91.8440865121276,91.8785221191079
Slovenia,SVN,Europe & Central Asia,High income,2019,2088385.0,1043169.0,1045216.0,0.696304046333357,55.4523277282715,1.61,53.749455202959,53909922735.545,25814.1687167572,3.50525332381912,42373.2506369279,1.63052260754335,19.7583962473649,4.446,4.957,4.013,55.787,58.383,81.5292682926829,84.5,78.7,2.0,76.4720077514648,83.1083578026717,120.568876746571,7.0993135844205,20.9,84.3570583498527,75.687217335396
Solomon Islands,SLB,East Asia & Pacific,Lower middle income,2019,728147.0,355507.0,372640.0,2.65049803426017,27.275106750276,3.8,73.7821002386635,1619150563.92084,2223.65890942466,1.74925244485951,2512.01387970749,1.63485544012247,20.4337172273921,0.746,0.774,0.72,83.684,84.313,69.981,71.362,68.75,18.7,,22.48880005,65.6620160489572,0.438510355738608,48.4,36.4970023039809,46.5015635980743
"Somalia, Fed. Rep.",SOM,Sub-Saharan Africa ,Low income,2019,16030971.0,8000369.0,8030602.0,3.67525774477084,51.6421170703225,6.56,98.6327632765507,8656000000.0,539.954816211694,2.80033312513012,1548.27250940098,,16.0813308687616,18.828,24.376,16.302,27.623,34.03,57.249,59.31,55.241,75.0,,2.731400013,51.3194116563494,0.0528040378839186,95.0,13.0660813308688,57.231977818854
South Africa,ZAF,Sub-Saharan Africa ,Upper middle income,2019,59587885.0,30695653.0,28892232.0,1.64957495527878,63.4127255007908,2.264,50.0943393660016,389330032224.269,6533.71121032856,0.25993557687633,13361.4851289112,4.10285075461156,15.4689896600747,28.468,30.475,26.762,39.534,55.267,66.071,69.216,62.696,25.1,22.2442465104023,69.69689941,162.73854828041,8.01412233375962,8.7,27.2021294051151,26.6958670030255
South Sudan,SSD,Sub-Saharan Africa ,Low income,2019,10423384.0,5296090.0,5127294.0,2.92439531185626,19.9062299188719,4.26,85.8298504519708,,,,,87.2413641500032,,12.656,13.836,11.46,64.58,73.937,58.129,60.474,55.734,71.9,,6.671000004,21.3171365460584,,31.4,,
Spain,ESP,Europe & Central Asia,High income,2019,47118501.0,23974426.0,23144075.0,0.716697775475724,79.6349761108307,1.23,51.1273134809275,1403496387686.27,29786.5245689007,1.96117850841711,44042.757577336,0.699518994458648,20.305014716322,14.104,16.01,12.46,49.499,57.626,83.8317073170732,86.7,81.1,2.6,91.5387725830078,90.718665325267,116.69612128516,5.3981216422823,16.7,34.6755629292261,31.6906621148431
Sri Lanka,LKA,South Asia,Upper middle income,2019,21803000.0,11242045.0,10560955.0,0.611875945764341,19.4946326418437,2.022,51.5839384848559,88998706177.9986,4081.94772178134,-0.220483886824823,14112.9525042604,3.52839358231811,28.5461677260146,4.67,7.331,3.294,49.809,52.249,76.698,79.888,73.424,6.2,19.4563160693078,32.02090073,126.514451763616,1.09952758794661,46.1,21.8235309246323,27.6019929606444
St. Kitts and Nevis,KNA,Latin America & Caribbean ,High income,2019,46952.0,24271.0,22681.0,-0.119199673543347,31.4121818392285,1.568,39.4185942928408,1107855555.55556,23595.4923231291,2.93824658056356,32482.094417215,-0.329562063663977,,,,,,,71.54,75.476,68.017,15.9,,69.43499756,138.916340092009,2.77304481172261,1.3,,
St. Lucia,LCA,Latin America & Caribbean ,Upper middle income,2019,177661.0,89470.0,88191.0,0.3631466895222,24.2476974658382,1.424,38.129966256667,2090074074.07407,11764.3944032403,-1.0293678947917,18662.8504698815,0.539087559191757,,15.613,17.277,14.116,58.057,68.799,72.249,76.089,68.744,16.6,15.9467096328735,61.08050156,83.1865181441059,1.65877710921361,10.0,,
St. Martin (French part),MAF,Latin America & Caribbean ,High income,2019,34267.0,17899.0,16368.0,-4.96694243141292,100.0,2.791,57.1061800843572,652206037.103874,19033.0649634889,6.50000363700821,,,,,,,,,80.078,83.843,76.462,,,,,,,,
St. Vincent and the Grenadines,VCT,Latin America & Caribbean ,Upper middle income,2019,104167.0,50691.0,53476.0,-0.725995928811949,47.1962073993512,1.864,49.2641896055139,910481481.481481,8740.59425232061,0.668428481084234,15339.5560281064,0.91306972532459,,19.248,17.067,20.759,54.453,67.433,70.994,73.993,68.554,12.8,29.6853960093035,59.57630157,92.5177839430914,1.11839642113145,5.4,,
Sudan,SDN,Sub-Saharan Africa ,Low income,2019,45548175.0,22935758.0,22612417.0,2.93537902352139,34.4727685824236,4.617,80.4985049329979,32338079165.2893,709.975280761719,-2.17825104530091,3914.2255859375,50.9940515002965,14.3050078362201,11.697,21.052,8.845,35.65,40.373,65.803,68.642,63.205,43.4,,,72.4818502607404,0.515296167190014,59.4,8.45298341762853,17.666637037634
Suriname,SUR,Latin America & Caribbean ,Upper middle income,2019,605768.0,301924.0,303844.0,1.03794155144619,66.0370492311305,2.347,51.3678297634159,4016040575.08796,6629.66775248603,1.16758977233877,19771.5473885151,,,7.755,10.914,5.566,51.941,56.308,71.773,75.08,68.638,17.1,5.26435130947432,62.03350067,134.34912375695,4.39326606885805,14.9,,
Sweden,SWE,Europe & Central Asia,High income,2019,10278887.0,5109760.0,5169127.0,1.01372226345511,87.7088420242759,1.71,60.5841239468728,530894124494.418,51648.9892820514,2.60823012869524,56909.753155728,1.78415097403835,23.8411457244241,6.833,6.957,6.722,60.17,64.583,83.109756097561,84.8,81.5,2.2,75.1148529052734,94.4934434072202,125.456729050381,3.8423518032643,52.9,48.2886583812982,44.4624806477579
Switzerland,CHE,Europe & Central Asia,High income,2019,8575280.0,4322164.0,4253116.0,0.713313668444329,80.7792907322229,1.48,50.6327775355631,736384764156.877,85872.9702303454,1.11532187197474,75267.0079269626,0.362886179940674,27.0018781573595,4.394,4.712,4.114,65.321,68.323,83.9048780487805,85.8,82.1,3.5,66.3093414306641,93.1460869535177,126.920635838501,4.47745146514166,24.8,66.1484505764437,56.8740592564204
Syrian Arab Republic,SYR,"Middle East, North Africa, Afghanistan & Pakistan",Low income,2019,20353534.0,10178472.0,10175062.0,3.88559879868016,73.8248788261986,2.878,68.3491350011588,22583046644.6891,1109.53933821464,1.22072818348491,3502.17536117799,13.4175653228571,7.38867620891664,13.369,24.818,10.866,32.777,37.836,70.97,74.253,67.833,21.1,,,87.1297289207859,1.63691966220706,1.0,13.0100655511925,28.9894026254051
Tajikistan,TJK,Europe & Central Asia,Lower middle income,2019,9529966.0,4865797.0,4664169.0,2.36385658944468,26.1300735473633,3.281,65.3067752248518,8300813599.3084,871.022372934846,7.40000016310556,3459.97365083434,,31.5088648941092,7.026,4.074,8.218,34.53,37.139,70.962,73.182,68.73,25.0,,22.68630028,115.372919483658,0.948639271115973,40.1,14.9799392742745,41.0650766403151
Tanzania,TZA,Sub-Saharan Africa ,Lower middle income,2019,59174891.0,29860889.0,29314002.0,2.98060939385811,33.3475258518752,4.866,87.2431978937846,61026731925.9213,1063.32250976563,5.79999999996723,2981.87451171875,3.46428057999021,42.6304711470676,1.735,2.39,1.107,82.357,83.811,66.007,68.916,63.141,34.5,2.85588898826608,16.59090042,80.5835569684446,0.287346536895184,80.4,16.0367461484986,16.9818431017325
Thailand,THA,East Asia & Pacific,Upper middle income,2019,71522271.0,36498738.0,35023533.0,0.204609851692418,55.9266166687012,1.285,40.607794056073,543976691793.886,7605.69657797759,2.11455779628278,19963.3918407099,0.705524801910317,22.5729511697849,0.716,0.732,0.703,66.46,66.94,77.197,81.763,72.849,8.9,44.9880040072053,66.6524194587528,181.221874232713,4.00533143026177,23.9,59.5188906218859,50.1706240932801
Timor-Leste,TLS,East Asia & Pacific,Lower middle income,2019,1300945.0,642976.0,657969.0,1.93928707188808,29.1148755245217,3.116,72.8233434295127,2032550400.0,1562.36458881813,24.2128840085001,4556.61428089164,0.958812739703141,22.8814793473264,3.148,4.114,2.339,64.416,66.51,66.496,68.285,64.846,39.6,,28.00460052,109.555438546595,0.559823820376726,11.7,21.2143177359833,49.3999263191702
Togo,TGO,Sub-Saharan Africa ,Lower middle income,2019,7619925.0,3904558.0,3715366.0,2.14516244090598,41.445731197295,4.450408,77.7215660472544,6992942458.99419,917.718016777619,4.91949260488683,2459.85658494292,0.674652770077525,17.7715643840418,2.036,1.799,2.256,56.806,57.987,61.061,61.204,60.887,40.2,13.1551472123617,20.72730064,73.7224727486533,0.276288808616883,78.6,23.9067157858872,32.4331342888704
Tonga,TON,East Asia & Pacific,Upper middle income,2019,105669.0,54269.0,51400.0,0.09657445504329,22.3288155626206,3.274,73.0916655746298,506031247.606648,4788.83350468584,-0.285210784299821,6473.32046564939,1.17954334821801,25.9285450543486,2.165,2.908,1.623,52.31,53.468,72.292,75.965,68.85,8.8,,51.56299973,58.772203768371,1.56621147167097,1.8,22.2333008455097,65.8120846875363
Trinidad and Tobago,TTO,Latin America & Caribbean ,High income,2019,1363985.0,687848.0,676137.0,0.351942101931713,53.9342394732739,1.578,40.2210664936843,23477745791.6977,17212.6128892163,0.467734528855885,29315.8054064667,1.00054293027237,20.9735099987528,3.523,4.044,3.135,58.547,60.685,72.836,76.034,69.732,19.2,,74.98670197,145.715788467056,24.3573792966931,0.4,,
Tunisia,TUN,"Middle East, North Africa, Afghanistan & Pakistan",Lower middle income,2019,11875081.0,5985004.0,5890077.0,0.926946081730267,68.8206382576031,2.1,49.3812826199351,41905642418.825,3528.87213306798,1.55009304966742,12494.7905733455,6.72007532863799,19.4346881701368,17.153,25.276,13.825,41.158,49.68,75.599,78.259,73.038,14.4,31.4410896301269,66.6999983024144,124.386924181822,2.54693841667269,12.2,45.9503306922947,56.3822840334945
Turkiye,TUR,Europe & Central Asia,Upper middle income,2019,82579440.0,41243483.0,41335957.0,1.42969688109789,88.6618152857124,1.89,45.9523014817405,775853144222.613,9395.23378001368,1.30162365464503,29016.4555653445,15.1768215720022,26.4629293789655,13.73,16.502,12.391,45.681,52.951,77.737,80.89,74.678,9.4,117.005470275879,73.9767022871511,94.6498130829997,5.01913672458907,14.1,33.0298811646869,29.548577767937
Turkmenistan,TKM,Europe & Central Asia,Upper middle income,2019,6803944.0,3472187.0,3331757.0,2.20552575085177,47.0494562466485,2.834,52.9006878790807,29700000000.0,4365.1152919542,6.33169567608873,15389.2461090476,,22.740168985452,4.035,2.389,5.507,41.03,42.756,69.405,72.309,66.105,33.9,11.0507708201956,,88.2099411752948,10.7659028351791,0.1,24.6892177117083,12.9668340639095
Turks and Caicos Islands,TCA,Latin America & Caribbean ,High income,2019,43166.0,21500.0,21666.0,3.79390439929271,92.9404854322845,1.617,36.4371957772299,1371838000.0,31780.5217068989,4.98170549382992,31173.3797811743,,,,,,,,77.691,79.966,75.556,3.6,11.7383177570093,,,5.12208682759579,0.5,,
Tuvalu,TUV,East Asia & Pacific,Upper middle income,2019,10581.0,5154.0,5427.0,-1.59388335810663,61.2406529218636,3.331,59.4724943481537,53527720.0597564,5058.85266607659,13.4465048163198,5205.1977197179,,,,,,,,66.109,69.735,62.865,19.4,,,85.0581230507513,0.0,6.3,,
Uganda,UGA,Sub-Saharan Africa ,Low income,2019,42999637.0,21710133.0,21289504.0,3.39132142318772,27.8369781799403,4.744,91.5697078154151,35353061003.4359,822.171150036357,6.43874503276439,2441.37445233821,2.867588034469,24.9024562516631,3.057,3.594,2.543,74.881,77.242,66.354,69.13,63.475,36.9,,11.72579956,59.0598078769828,0.1642944102063,90.5,17.1090580167383,22.2519959480052
Ukraine,UKR,Europe & Central Asia,Upper middle income,2019,44957458.0,24004328.0,20953130.0,-0.557746010589576,69.3527648708735,1.218,47.2491268952806,153883047509.577,3619.86157226563,3.19950386354134,14217.486328125,7.88671745611133,17.6158441194027,8.194,7.853,8.501,51.703,56.318,73.92,78.73,68.866,8.3,84.48135621115,70.1248442995263,130.629436256062,4.62458753784522,7.4,41.2316912560049,49.2795430350714
United Arab Emirates,ARE,"Middle East, North Africa, Afghanistan & Pakistan",High income,2019,9445785.0,3351539.0,6094246.0,1.0545163442516,85.0298263388195,1.247,22.2156206400823,433926218686.108,45938.6084572227,1.27129120536284,79816.3029999451,-1.93108114782173,,2.331,5.571,1.396,77.614,79.467,82.596,84.047,81.588,5.0,53.8814655213653,99.1499979561243,209.033214126867,20.945786930361,0.7,93.3023068879995,70.5198421376147
United Kingdom,GBR,Europe & Central Asia,High income,2019,66628000.0,33872450.0,32755550.0,0.513111008030604,82.6699420738913,1.632,57.4310228571992,2875710080015.3,43160.6843971799,1.25629899760824,50493.9441896153,1.73810460086513,18.8313068890229,3.657,3.461,3.835,60.335,62.625,81.3691219512195,83.275,79.554,3.8,65.5119934082031,92.5166285497138,120.250108782533,5.38832172660143,11.4,31.9028602803155,33.1007061373899
United States,USA,North America,High income,2019,330226227.0,164182160.0,166044067.0,0.515108555014533,80.1304793353594,1.706,52.1637515215282,21539982000000.0,65227.9565911038,2.58382533052225,65227.9565911038,1.81221007526021,21.331113461469,3.669,3.608,3.72,60.543,62.848,78.7878048780488,81.4,76.3,5.5,87.8887100219727,89.4302848575712,105.32074052965,15.0439662080505,10.2,11.7891974097286,14.4692832148142
Uruguay,URY,Latin America & Caribbean ,High income,2019,3397206.0,1749738.0,1647468.0,0.0786838170441181,95.3479309082031,1.567,54.5633225323007,62222324964.633,18315.7350377437,0.928351027546341,25782.6937211734,7.88198870879619,14.4910308809241,8.836,10.64,7.297,57.883,63.494,77.503,81.293,73.58,6.2,61.9644279466795,83.3515337667548,133.236724531865,2.10646631378845,59.3,27.9053781710424,21.8394879014241
Uzbekistan,UZB,Europe & Central Asia,Lower middle income,2019,32964701.0,16352254.0,16612447.0,1.80974442927918,50.5920104980469,2.869,52.7698563917884,70170662562.6111,2128.66067138334,6.79331098484522,8909.36758868309,14.5257359560687,35.2793605883172,4.936,6.285,4.2,53.831,56.626,72.093,75.374,68.924,14.9,13.0316667432446,70.3999986481458,101.259829415713,3.49213238730726,1.6,24.3107685844352,37.9896096458527
Vanuatu,VUT,East Asia & Pacific,Lower middle income,2019,291985.0,144129.0,147856.0,2.33048915705222,23.5024668917075,3.79,75.4675368380568,1061547512.69257,3635.62344878185,3.27677257380314,3762.09421920705,2.76252019386111,14.2100596088477,5.444,6.827,4.268,55.406,58.596,70.783,73.292,68.848,15.1,,,90.8330907409627,0.750038529376509,31.6,30.9251687275235,54.3672102073994
"Venezuela, RB",VEN,Latin America & Caribbean ,Lower middle income,2019,28938098.0,14599335.0,14338763.0,-2.96041293052007,89.1030100517924,2.131,55.9638284576163,73014157107.594,2523.11527549578,-27.6190476190476,,,5.58508178904779,5.89,6.497,5.497,51.914,55.163,72.766,76.677,69.025,21.2,,49.05009842,63.8474442929871,4.15965140487118,15.8,47.195725949267,10.9331140492614
Viet Nam,VNM,East Asia & Pacific,Upper middle income,2019,97173776.0,49610246.0,47563530.0,0.968366698803348,34.6239134999511,1.943,46.6054316189935,334365270496.667,3440.90025375434,7.35926270105006,11029.2732083963,2.79582367452244,30.3625675367417,1.681,1.598,1.758,75.327,76.615,74.211,78.972,69.414,14.1,30.2241191864014,68.6615802057338,140.192561828615,3.46316479458409,20.4,85.1575874073411,79.5466276240668
Virgin Islands (U.S.),VIR,Latin America & Caribbean ,High income,2019,106669.0,54962.0,51707.0,-0.310759832621892,95.0857481413049,2.05,59.8956693798624,4121000000.0,38633.5298915336,2.90833549727343,40021.7775798024,,,11.774,12.658,10.875,46.145,52.303,79.6682926829268,83.1,76.4,,,,89.5124925872467,0.0018749589852722,6.2,54.9623877699587,100.461053142441
West Bank and Gaza,PSE,"Middle East, North Africa, Afghanistan & Pakistan",Lower middle income,2019,4685306.0,2358603.0,2326703.0,2.51178246264674,85.8136174183656,3.591,75.5232104451405,17133500000.0,3656.85827137011,1.36268746558062,6508.44835080318,1.58018333639455,25.2371085884379,25.34,40.86,21.177,33.052,44.27,75.811,78.092,73.612,13.6,45.6330464687168,70.6225837001758,86.7372172316252,,13.9,15.5210552426533,53.4724370385502
"Yemen, Rep.",YEM,"Middle East, North Africa, Afghanistan & Pakistan",Low income,2019,35111408.0,17319592.0,17791816.0,2.96633475184571,34.9067561732024,4.603,78.450785085874,,,,,,,17.213,29.081,16.251,27.095,32.729,66.567,70.061,63.337,39.0,,17.49099922,43.3990001198471,0.351518230200281,3.0,,
Zambia,ZMB,Sub-Saharan Africa ,Lower middle income,2019,18513839.0,9351835.0,9162004.0,2.96162166175699,43.4897864547552,4.418,83.6337137132054,23308667781.2258,1258.98619844462,1.44130602603785,3361.39750299612,9.15031644316296,35.7566183829109,5.538,5.214,5.798,56.247,59.544,62.914,65.44,60.349,36.1,,14.47189999,93.0147820773422,0.487959304388463,86.1,34.6361926031881,34.1550123329079
Zimbabwe,ZWE,Sub-Saharan Africa ,Lower middle income,2019,15271368.0,8027926.0,7243442.0,1.56353351552455,36.1837638266364,3.748,85.4479058285901,33360632553.3556,2184.52155388801,-6.33244976028571,4165.92242720214,255.304990757856,7.00264761310164,7.373,6.995,7.758,60.944,65.795,61.06,63.049,58.83,55.8,,26.5883007,86.4094297249598,0.731473434469001,81.0,18.0339064047572,18.4839620932715
